custid,firstname,lastname,email,phonenumber,address
1,Loydie,Dusey,ldusey0@ycombinator.com,806-583-3152,87 Comanche Point
2,Ettore,Tackes,etackes1@biglobe.ne.jp,804-961-3523,0022 Hayes Place
3,Wyatan,Bischof,wbischof2@mozilla.org,578-748-3313,88007 Oxford Park
4,Mag,Elt,melt3@moonfruit.com,385-226-2872,4 Corben Place
5,Quinn,Todhunter,qtodhunter4@marriott.com,609-387-0889,3506 David Court
6,Jewelle,Leate,jleate5@xinhuanet.com,483-825-2691,7 Sunnyside Plaza
7,Benedetto,Marchington,bmarchington6@uol.com.br,905-289-5259,6230 Sunnyside Point
8,Phineas,Sarfat,psarfat7@amazon.de,332-919-8861,77858 Miller Center
9,Bartel,Greedy,bgreedy8@xing.com,837-606-6028,996 Maple Wood Center
10,Hilario,Thomsson,hthomsson9@sbwire.com,648-459-5163,36030 2nd Terrace
11,Farrell,Luffman,fluffmana@t-online.de,871-384-7192,31 Lakeland Road
12,Otis,O'Cannovane,oocannovaneb@ask.com,348-512-4492,3 Corben Point
13,Ericka,Skedgell,eskedgellc@cmu.edu,425-217-5997,90511 Moose Junction
14,Darda,Hawsby,dhawsbyd@comsenz.com,720-515-4606,35 Cherokee Center
15,Masha,Castello,mcastelloe@goodreads.com,812-104-7076,2354 Cherokee Way
16,Yalonda,Cusack,ycusackf@hatena.ne.jp,852-962-1518,1396 Independence Circle
17,Wilbur,Dettmar,wdettmarg@harvard.edu,490-119-9672,2449 Birchwood Way
18,Dahlia,Joyson,djoysonh@uol.com.br,924-546-3489,50 Fairfield Junction
19,Clemmie,Gowlett,cgowletti@npr.org,495-256-8357,71 Florence Avenue
20,Peri,Bartosinski,pbartosinskij@usda.gov,348-633-6352,885 Old Gate Plaza
21,Daniel,Grigoli,dgrigolik@wp.com,511-122-5529,13217 Shasta Avenue
22,Toddy,Calltone,tcalltonel@yahoo.com,290-589-7666,23 Autumn Leaf Parkway
23,Ronni,Penman,rpenmanm@wikia.com,286-303-4437,02392 Elka Road
24,Marielle,Moatt,mmoattn@wordpress.com,139-798-8349,73365 Spohn Crossing
25,Danette,Raoul,draoulo@pbs.org,482-823-0281,3 Hollow Ridge Place
26,Verine,Seton,vsetonp@intel.com,735-989-7296,1174 Dexter Pass
27,Izak,Croxall,icroxallq@blinklist.com,236-154-7921,8984 Oxford Junction
28,Rriocard,Mackney,rmackneyr@godaddy.com,465-784-4992,5 Vera Way
29,Courtnay,Blooman,cbloomans@wisc.edu,605-450-6845,75568 Warner Crossing
30,Billy,Calbaithe,bcalbaithet@yellowbook.com,163-963-7510,909 Blaine Point
31,Isabel,Murra,imurrau@scribd.com,488-841-8730,2969 Mockingbird Terrace
32,Frants,Ellul,fellulv@arstechnica.com,228-946-7404,46179 Corben Point
33,Cathi,Tulley,ctulleyw@hao123.com,518-808-9534,6 Anthes Court
34,Ariel,Bonnell,abonnellx@jugem.jp,994-693-7671,51 Stuart Parkway
35,Laura,Ielden,lieldeny@google.es,261-409-0879,9039 Kim Junction
36,Eleen,Maciunas,emaciunasz@fc2.com,520-100-5882,193 Di Loreto Plaza
37,Arden,Sibbert,asibbert10@adobe.com,450-946-9294,06754 Grayhawk Lane
38,Rudolf,Kadd,rkadd11@360.cn,291-179-3661,09 Orin Junction
39,Minor,McOrkil,mmcorkil12@ftc.gov,974-625-5415,048 Commercial Street
40,Sacha,Burt,sburt13@google.com.au,467-428-6137,43006 Caliangt Plaza
41,Augustina,Ludman,aludman14@so-net.ne.jp,115-264-9692,757 Crownhardt Street
42,Paddy,Bigrigg,pbigrigg15@feedburner.com,426-144-4426,74 Portage Park
43,Sheilah,Paulmann,spaulmann16@forbes.com,702-501-4951,87 Rusk Drive
44,Freda,Bourrel,fbourrel17@newyorker.com,398-790-9596,1059 Katie Center
45,Bernardina,Baitson,bbaitson18@amazon.de,878-344-7835,5 Nova Park
46,Virgie,Cisson,vcisson19@noaa.gov,775-292-4988,87056 Mockingbird Park
47,Cori,Kunat,ckunat1a@google.de,506-395-8248,2570 Moose Place
48,Cullen,Beart,cbeart1b@mapquest.com,329-142-7069,92524 Schiller Way
49,Patin,Harbach,pharbach1c@tinypic.com,456-205-5939,32 Toban Lane
50,Zak,Heis,zheis1d@phpbb.com,521-764-8911,3185 Hermina Street
51,Millie,Englefield,menglefield1e@mysql.com,451-369-2982,6 Schlimgen Terrace
52,Marijo,MacGeffen,mmacgeffen1f@moonfruit.com,292-935-1661,14468 Bonner Pass
53,Fancy,Brum,fbrum1g@phoca.cz,785-210-8478,309 Londonderry Center
54,Rodge,Gadie,rgadie1h@marketwatch.com,769-288-6544,22 Nova Pass
55,Harper,Sidgwick,hsidgwick1i@e-recht24.de,306-432-0244,73 Thierer Crossing
56,Grata,Cansdale,gcansdale1j@salon.com,219-796-9747,6 High Crossing Center
57,Katee,Pinnock,kpinnock1k@bbb.org,569-939-2671,3590 Farwell Street
58,Cornie,Heskey,cheskey1l@ocn.ne.jp,707-608-9588,3292 Mesta Hill
59,Tomi,Escala,tescala1m@51.la,288-444-5603,584 Mendota Road
60,Chantal,Sharpous,csharpous1n@huffingtonpost.com,230-611-7453,2 Lakeland Trail
61,Kerwin,Harlow,kharlow1o@senate.gov,895-613-9795,29542 Bluestem Pass
62,Oralie,Blaxton,oblaxton1p@msn.com,347-159-4935,146 Di Loreto Place
63,Ari,Portugal,aportugal1q@qq.com,912-682-8040,313 Novick Circle
64,Torin,Keppin,tkeppin1r@theglobeandmail.com,910-896-3506,8 Toban Alley
65,Allene,Asif,aasif1s@ezinearticles.com,637-530-8300,59957 Truax Street
66,Chauncey,Stepney,cstepney1t@mozilla.com,509-508-6717,839 Buena Vista Parkway
67,Delphinia,Melesk,dmelesk1u@smh.com.au,792-927-9766,204 Thompson Trail
68,Myrlene,Carwithen,mcarwithen1v@imageshack.us,836-294-0309,1 Cody Hill
69,Alphonse,Elderkin,aelderkin1w@ask.com,898-486-2237,46818 Fairfield Parkway
70,Dianemarie,Hearns,dhearns1x@zdnet.com,249-558-1278,960 Petterle Pass
71,Jamima,Haverty,jhaverty1y@admin.ch,478-373-2767,929 John Wall Street
72,Lula,Gosalvez,lgosalvez1z@spotify.com,649-433-6553,1 Hollow Ridge Hill
73,Tawnya,Hulkes,thulkes20@chicagotribune.com,943-793-9103,2 Vernon Plaza
74,Kristoforo,Shillingford,kshillingford21@army.mil,168-516-3027,946 Sachtjen Junction
75,Floria,Ivoshin,fivoshin22@plala.or.jp,395-476-6223,59 Del Sol Parkway
76,Filippa,Croizier,fcroizier23@disqus.com,119-859-9443,024 Springs Way
77,Stacie,Stone Fewings,sstonefewings24@redcross.org,532-357-8426,1118 Jenifer Point
78,Josiah,Bouldstridge,jbouldstridge25@123-reg.co.uk,769-460-9731,5 Glendale Pass
79,Druci,Peller,dpeller26@dagondesign.com,556-899-6067,89 Loeprich Lane
80,Banky,Broadist,bbroadist27@youtu.be,131-731-6968,2585 Morrow Drive
81,Maxy,Gwilt,mgwilt28@eventbrite.com,143-230-1302,980 Manitowish Avenue
82,Marigold,Thackeray,mthackeray29@github.com,612-745-9938,34 Melby Trail
83,Celka,Cucuzza,ccucuzza2a@usda.gov,355-377-3814,595 Manley Alley
84,Lynnea,Dunderdale,ldunderdale2b@time.com,583-582-8392,839 Moulton Crossing
85,Marlene,Palffy,mpalffy2c@wikipedia.org,349-953-5402,69 Parkside Road
86,Sly,Batecok,sbatecok2d@bbb.org,665-462-4748,6 Nova Park
87,Loretta,Ollett,lollett2e@themeforest.net,616-477-0144,472 Everett Parkway
88,Catharina,Sloan,csloan2f@mapy.cz,694-603-1558,2 Spohn Drive
89,Emily,Corney,ecorney2g@hhs.gov,645-937-5783,191 Hermina Junction
90,Scarlett,Penchen,spenchen2h@bloglines.com,100-484-3614,6574 Farmco Alley
91,Carlina,Clendennen,cclendennen2i@buzzfeed.com,990-617-9808,23353 Shasta Center
92,Leicester,Muzzall,lmuzzall2j@narod.ru,290-734-7079,920 Raven Crossing
93,Grove,Pyser,gpyser2k@domainmarket.com,592-281-1751,4 Rockefeller Pass
94,Cecile,Labuschagne,clabuschagne2l@desdev.cn,267-172-0977,901 Algoma Park
95,Samantha,Petticrew,spetticrew2m@mayoclinic.com,748-121-2074,113 Debs Hill
96,Barthel,Hutchinson,bhutchinson2n@ezinearticles.com,196-634-3254,10 Eliot Parkway
97,Bay,Hornung,bhornung2o@behance.net,559-912-8069,43 Debs Pass
98,Willi,Segoe,wsegoe2p@tripadvisor.com,887-596-8841,13 Knutson Way
99,Richard,Bottleson,rbottleson2q@yellowbook.com,264-443-4251,0291 Toban Lane
100,Mellie,Gerretsen,mgerretsen2r@spiegel.de,169-742-7916,9088 Merry Hill
101,Fayette,Boughey,fboughey2s@bravesites.com,828-266-4691,810 Bunting Junction
102,Renaud,Furbank,rfurbank2t@topsy.com,840-970-2278,3363 David Street
103,Thorpe,Anmore,tanmore2u@cdc.gov,402-784-2346,7 Brickson Park Hill
104,Sholom,Buggs,sbuggs2v@dyndns.org,952-697-5776,28854 Daystar Avenue
105,Mariellen,Shefton,mshefton2w@alexa.com,998-700-5019,3483 Hansons Alley
106,Verna,Peacop,vpeacop2x@opera.com,669-835-6321,1 Paget Way
107,Trenna,Elphick,telphick2y@fastcompany.com,303-595-2282,57996 Scoville Court
108,Carlyn,Matyushenko,cmatyushenko2z@cbc.ca,205-447-1073,21397 Brentwood Park
109,Jeralee,Olliver,jolliver30@intel.com,958-788-3616,52436 Autumn Leaf Circle
110,Constancy,Altamirano,caltamirano31@lycos.com,953-867-2794,50653 Algoma Court
111,Editha,D'eye,edeye32@ameblo.jp,174-336-8583,25748 Blue Bill Park Trail
112,Vince,Horder,vhorder33@abc.net.au,984-604-9513,4870 Bellgrove Hill
113,Lucienne,Lytlle,llytlle34@weather.com,563-696-9802,2 Glacier Hill Point
114,Cassandry,Twigge,ctwigge35@latimes.com,804-785-8408,1 Cody Place
115,Brett,Merrington,bmerrington36@feedburner.com,140-885-9242,95942 Hanson Junction
116,Brod,Lawlie,blawlie37@mit.edu,620-231-9990,91 Mayfield Avenue
117,Kary,Noddings,knoddings38@ihg.com,158-876-3856,0 Utah Pass
118,Elissa,Cordeau,ecordeau39@upenn.edu,621-483-7973,3 Northland Court
119,Wilfred,Aumerle,waumerle3a@hatena.ne.jp,871-390-8952,4 Grim Lane
120,Egbert,Bolle,ebolle3b@furl.net,576-966-8354,52 Marquette Avenue
121,Dahlia,Chestnut,dchestnut3c@wufoo.com,466-550-7836,537 Crescent Oaks Junction
122,Justen,Deppe,jdeppe3d@clickbank.net,366-637-8837,108 Northview Alley
123,Gabbey,Heyward,gheyward3e@virginia.edu,200-925-9246,70 Sundown Place
124,Alvis,Laxe,alaxe3f@netscape.com,491-779-9736,1694 Ronald Regan Avenue
125,Ranice,Stables,rstables3g@theatlantic.com,367-318-2289,73 Arrowood Court
126,Bronnie,Hinchshaw,bhinchshaw3h@auda.org.au,472-302-9018,933 Namekagon Trail
127,Berenice,Sigart,bsigart3i@lycos.com,611-388-4673,54 Tomscot Parkway
128,Leoline,Byer,lbyer3j@liveinternet.ru,939-264-6638,9 3rd Way
129,Bianca,Cleaver,bcleaver3k@purevolume.com,216-867-6220,59716 Surrey Point
130,Corabella,Kett,ckett3l@craigslist.org,107-972-7920,4 Emmet Avenue
131,Aliza,Broschek,abroschek3m@umich.edu,740-847-4047,061 Hauk Alley
132,Christoffer,De Anesy,cdeanesy3n@nymag.com,836-759-1988,47 Hoepker Court
133,Imogene,Mably,imably3o@360.cn,276-772-0524,3378 Utah Plaza
134,Melamie,Bogeys,mbogeys3p@tripadvisor.com,852-303-0500,6702 Walton Lane
135,Brant,Dober,bdober3q@youtu.be,698-500-2780,252 Artisan Lane
136,Afton,Inger,ainger3r@cnet.com,504-886-8313,7887 Hansons Road
137,Gerry,Stangroom,gstangroom3s@auda.org.au,462-778-1478,989 Hanover Way
138,Allsun,MacMechan,amacmechan3t@aol.com,562-769-2252,4721 Washington Drive
139,Jackquelin,Boakes,jboakes3u@imageshack.us,135-461-1752,6590 Ruskin Junction
140,Zahara,Cluely,zcluely3v@google.nl,622-261-8859,60334 Maywood Place
141,Valma,Ninnis,vninnis3w@time.com,692-501-5640,73517 Bonner Pass
142,Quentin,Drew,qdrew3x@nih.gov,670-894-0145,91418 Granby Avenue
143,Maren,Walklot,mwalklot3y@java.com,329-820-8262,57835 Pennsylvania Circle
144,Dinnie,Sahlstrom,dsahlstrom3z@mozilla.com,909-977-2041,7947 Sunfield Pass
145,Dickie,Puller,dpuller40@blogger.com,642-561-4367,75 Bashford Point
146,Allx,Oldale,aoldale41@slideshare.net,497-390-7537,21 Bartillon Street
147,Corinna,Allison,callison42@sciencedaily.com,357-671-8092,755 Sheridan Court
148,Andee,Claiton,aclaiton43@shop-pro.jp,760-672-2055,27 Shopko Trail
149,Maitilde,Bramwell,mbramwell44@twitter.com,212-726-0393,81 Delladonna Avenue
150,Claudianus,Aspling,caspling45@blogs.com,868-233-3042,952 Bashford Center
151,Sephira,Langley,slangley46@upenn.edu,704-973-9230,51387 Delladonna Plaza
152,Dannie,Ditt,dditt47@flavors.me,405-687-0014,7 Glacier Hill Point
153,Alida,Bassett,abassett48@cnbc.com,699-587-6152,8800 Red Cloud Court
154,Rutherford,Rowston,rrowston49@clickbank.net,347-662-3146,5829 Crowley Lane
155,Ike,Pitchford,ipitchford4a@businessweek.com,281-220-7841,653 Steensland Parkway
156,Janel,Mugford,jmugford4b@freewebs.com,979-515-8694,93107 Atwood Parkway
157,Freda,Sant,fsant4c@qq.com,305-760-2005,40887 Algoma Point
158,Adela,Renahan,arenahan4d@t-online.de,632-364-5739,4681 Waywood Trail
159,Gates,Lockery,glockery4e@ft.com,851-773-0141,4844 Hollow Ridge Pass
160,Cicily,Siderfin,csiderfin4f@xinhuanet.com,332-766-2734,0 Dapin Street
161,Betty,Barbey,bbarbey4g@ibm.com,340-923-0183,557 Merry Pass
162,Daphne,Apfel,dapfel4h@amazon.co.jp,598-941-5146,87 Village Street
163,Katya,Morfell,kmorfell4i@feedburner.com,624-298-4627,59 Eastwood Junction
164,Ninnette,Hinstridge,nhinstridge4j@booking.com,406-578-1076,42 Dorton Trail
165,Sheilah,Winspurr,swinspurr4k@google.ca,336-169-0335,5 Hollow Ridge Pass
166,Erick,Merry,emerry4l@wix.com,972-334-1713,8 Calypso Terrace
167,Aveline,Stainton,astainton4m@ameblo.jp,937-369-0623,99 Loeprich Avenue
168,Hadlee,Prozescky,hprozescky4n@qq.com,518-391-3575,37738 Coleman Crossing
169,Odey,Oakeshott,ooakeshott4o@webs.com,134-781-8304,7 Browning Alley
170,Starlin,Bridgeland,sbridgeland4p@hao123.com,448-167-6406,33538 Macpherson Trail
171,Ronny,Davydoch,rdavydoch4q@t-online.de,459-799-4507,44 Laurel Lane
172,Beatrix,Meaddowcroft,bmeaddowcroft4r@nps.gov,325-199-8591,100 Northland Avenue
173,Irvin,Chatwin,ichatwin4s@youtube.com,939-322-8880,1 Kinsman Pass
174,Billy,Grammer,bgrammer4t@4shared.com,718-493-9991,2019 Fuller Hill
175,Rees,Rostron,rrostron4u@altervista.org,910-874-7258,0862 Troy Circle
176,Melania,Tume,mtume4v@washingtonpost.com,654-595-2697,9 Roxbury Terrace
177,King,Priddie,kpriddie4w@craigslist.org,904-434-3289,56107 Pankratz Way
178,Boone,Sawtell,bsawtell4x@rediff.com,716-379-0790,03522 Jenifer Road
179,Hamlen,MacMoyer,hmacmoyer4y@ft.com,450-490-7528,2 Kenwood Court
180,Reta,Garlicke,rgarlicke4z@example.com,949-842-2568,03 Merry Road
181,Carlynn,Jakes,cjakes50@homestead.com,287-194-3854,24381 Hallows Avenue
182,Kym,Lammert,klammert51@wordpress.org,573-952-9396,63111 Anhalt Pass
183,Kaitlyn,Pinchon,kpinchon52@cdc.gov,107-257-3094,0 Logan Alley
184,Barby,Hadkins,bhadkins53@oaic.gov.au,535-203-8960,13 East Pass
185,Sarine,Pflieger,spflieger54@live.com,536-816-0013,65 Transport Court
186,Magda,McGookin,mmcgookin55@discuz.net,470-772-2395,426 Westend Court
187,Ingmar,Lackie,ilackie56@fastcompany.com,548-972-1598,630 Parkside Park
188,Chrissie,Halvosen,chalvosen57@sohu.com,562-401-1026,3 Hermina Park
189,Misti,Secrett,msecrett58@slate.com,972-967-2800,148 Algoma Pass
190,Darbie,Rickard,drickard59@hexun.com,101-975-6741,355 Shoshone Road
191,Shawnee,Pierse,spierse5a@symantec.com,802-546-1275,77416 Mallard Point
192,Taite,Biever,tbiever5b@tripod.com,702-510-8051,2 Marquette Center
193,Fanchon,Guttridge,fguttridge5c@toplist.cz,726-737-6862,68 Blackbird Hill
194,Baudoin,Larmet,blarmet5d@java.com,706-847-3542,56321 3rd Way
195,Simone,Labbe,slabbe5e@prlog.org,955-177-1212,675 Pine View Hill
196,Gabi,Champain,gchampain5f@imgur.com,369-601-2494,6 Anniversary Circle
197,Dredi,Punshon,dpunshon5g@hostgator.com,661-155-8577,8 Toban Place
198,Pattie,MacCarrane,pmaccarrane5h@jalbum.net,420-244-1772,0 Carpenter Park
199,Ewan,Duncklee,eduncklee5i@elegantthemes.com,876-760-2144,7714 Union Road
200,Serene,Schwant,sschwant5j@vk.com,847-354-7319,322 Birchwood Parkway
201,Isador,Goldberg,igoldberg5k@census.gov,867-404-7810,1574 Troy Hill
202,Orlando,Clausson,oclausson5l@yelp.com,287-847-8895,4 Knutson Avenue
203,Les,Bartlam,lbartlam5m@mediafire.com,500-637-2357,45307 David Place
204,Marchall,Fanshawe,mfanshawe5n@canalblog.com,136-613-5170,63331 Debs Way
205,Giustino,Piercy,gpiercy5o@phpbb.com,890-139-5784,9281 Montana Point
206,Chan,Jacobi,cjacobi5p@goo.gl,488-987-0525,9206 Alpine Center
207,Chelsey,Saulter,csaulter5q@squarespace.com,395-679-1303,95794 Utah Court
208,Harriot,Lanchbery,hlanchbery5r@skyrock.com,988-720-6876,2 Forest Dale Drive
209,Betsey,Meenehan,bmeenehan5s@lycos.com,979-116-7399,0 Saint Paul Junction
210,Benedick,Fulun,bfulun5t@homestead.com,256-333-9676,2 Dahle Trail
211,Rustie,Cortez,rcortez5u@google.co.uk,114-528-3472,5 Carey Junction
212,Aguie,Everwin,aeverwin5v@irs.gov,522-539-0569,19142 1st Trail
213,Diann,Leward,dleward5w@weather.com,959-585-4660,9 Menomonie Plaza
214,Erinna,Lyttle,elyttle5x@dyndns.org,377-995-2891,0 Muir Street
215,Donavon,Collyns,dcollyns5y@altervista.org,107-513-0444,43 Transport Court
216,Elora,Fudge,efudge5z@dot.gov,492-914-8882,36 Bluestem Drive
217,Freemon,Blasius,fblasius60@ucla.edu,385-678-9102,727 Merchant Circle
218,Elysia,Furness,efurness61@about.com,976-191-5346,08442 Donald Court
219,Joel,Bartol,jbartol62@ucoz.ru,222-812-7828,47 Starling Plaza
220,Alva,Blewis,ablewis63@wisc.edu,669-527-8310,7697 Carberry Center
221,Niccolo,Ker,nker64@quantcast.com,776-909-6722,39157 David Drive
222,Bradney,Sultana,bsultana65@ed.gov,856-926-5986,8456 Green Street
223,Trudie,Knudsen,tknudsen66@wufoo.com,880-875-4642,82586 Basil Street
224,Cy,Thirlaway,cthirlaway67@scribd.com,605-135-4539,440 Service Avenue
225,Justino,Broomfield,jbroomfield68@ycombinator.com,145-893-9140,0957 Morrow Road
226,Rollins,Viant,rviant69@cnet.com,324-155-7764,871 Arrowood Lane
227,Mannie,Balcock,mbalcock6a@ustream.tv,983-760-9342,99084 Summerview Park
228,Elaine,Essam,eessam6b@is.gd,312-346-9201,02 Alpine Road
229,Kyla,Brayne,kbrayne6c@dailymotion.com,886-267-1206,313 Holmberg Circle
230,Pyotr,Garstang,pgarstang6d@qq.com,786-729-9137,596 Commercial Hill
231,Malynda,Giacopelo,mgiacopelo6e@infoseek.co.jp,198-122-0768,848 Oak Plaza
232,Maighdiln,Barbe,mbarbe6f@intel.com,650-868-6247,5417 Ryan Center
233,Joella,Henmarsh,jhenmarsh6g@slate.com,964-690-3038,47 Canary Junction
234,Nils,Kalderon,nkalderon6h@mail.ru,634-263-3161,9192 Kropf Center
235,Martina,Howarth,mhowarth6i@simplemachines.org,142-377-1089,179 Oak Point
236,Eugine,Cabrales,ecabrales6j@newsvine.com,125-953-7478,25 Carioca Point
237,Anallese,Ilyushkin,ailyushkin6k@devhub.com,148-460-1612,2 Daystar Way
238,Solomon,Dillinger,sdillinger6l@facebook.com,325-423-2140,1 Cordelia Place
239,Mariele,De Metz,mdemetz6m@ameblo.jp,953-240-3196,140 Kedzie Alley
240,Dareen,Wooller,dwooller6n@oakley.com,379-766-1436,83238 Lukken Hill
241,Rabbi,Emtage,remtage6o@miitbeian.gov.cn,838-256-8246,55 Springs Center
242,Waldo,Guilaem,wguilaem6p@geocities.jp,488-827-1908,5184 Alpine Alley
243,Dev,Oleshunin,doleshunin6q@multiply.com,194-423-1495,1101 Fairfield Trail
244,Nadiya,Slorach,nslorach6r@vinaora.com,414-537-6696,41 Shasta Drive
245,Gates,Phear,gphear6s@hc360.com,401-277-1959,00 Michigan Street
246,Ladonna,Rojel,lrojel6t@foxnews.com,476-500-9077,8969 Reindahl Crossing
247,Jandy,Moules,jmoules6u@php.net,971-891-2110,4 Coolidge Alley
248,Tiff,Buy,tbuy6v@macromedia.com,562-519-6036,256 Badeau Terrace
249,Othilia,Tunney,otunney6w@telegraph.co.uk,858-845-4450,5 Portage Center
250,Arabele,Caines,acaines6x@odnoklassniki.ru,106-776-3753,2720 Iowa Parkway
251,Taite,Idwal Evans,tidwalevans6y@parallels.com,815-860-4633,97 Kim Place
252,Damien,Strowlger,dstrowlger6z@cyberchimps.com,320-321-9777,1991 Gerald Trail
253,Antonia,Pellew,apellew70@earthlink.net,464-326-7411,74915 Novick Avenue
254,Emmeline,Else,eelse71@mit.edu,433-980-5522,0869 Crest Line Road
255,Cazzie,Veldman,cveldman72@usatoday.com,253-576-6531,1 Maple Road
256,Durand,Desaur,ddesaur73@wix.com,252-516-4294,620 Mesta Avenue
257,Shayne,Curado,scurado74@is.gd,440-451-0235,3 Twin Pines Plaza
258,Jilli,Di Roberto,jdiroberto75@theguardian.com,780-280-3486,94837 Eagle Crest Pass
259,Jobi,Truder,jtruder76@spiegel.de,429-827-3090,01538 Evergreen Parkway
260,Emelina,Eayres,eeayres77@cmu.edu,258-703-8599,5585 Green Ridge Pass
261,Rayshell,Broxholme,rbroxholme78@desdev.cn,364-946-6477,682 Forster Alley
262,Calvin,Eve,ceve79@npr.org,956-556-0179,8 Starling Pass
263,Domini,Biesterfeld,dbiesterfeld7a@booking.com,556-291-9515,24 Lindbergh Plaza
264,Olivia,Powdrill,opowdrill7b@cbslocal.com,417-773-0311,5 Oxford Trail
265,Dotty,Challenger,dchallenger7c@goo.gl,159-366-7313,6 Monument Junction
266,Tedmund,Coots,tcoots7d@hugedomains.com,267-669-0930,2311 Clyde Gallagher Hill
267,Morissa,Monni,mmonni7e@feedburner.com,979-787-6720,92058 Carberry Center
268,Waldon,Binne,wbinne7f@theguardian.com,160-815-5882,849 Kenwood Circle
269,Murdoch,Donaway,mdonaway7g@nytimes.com,955-979-2625,761 Bellgrove Place
270,Marji,Loudon,mloudon7h@bing.com,635-248-4336,7311 Portage Center
271,Terrel,Wenzel,twenzel7i@marketwatch.com,801-513-4825,160 Hansons Road
272,Kenyon,Rosell,krosell7j@netscape.com,572-766-0224,5367 Magdeline Avenue
273,Giacomo,Beardall,gbeardall7k@cbslocal.com,120-834-6442,5839 Becker Parkway
274,Corenda,FitzGilbert,cfitzgilbert7l@wsj.com,868-890-3761,17 Crowley Center
275,Corey,Wanklyn,cwanklyn7m@mysql.com,475-418-3438,70913 Redwing Pass
276,Myrwyn,Leemans,mleemans7n@answers.com,544-726-9516,04374 Gateway Parkway
277,Elston,Lindholm,elindholm7o@ucsd.edu,683-350-4478,59 Sugar Terrace
278,Stella,Culley,sculley7p@ow.ly,896-148-2951,333 Stuart Drive
279,Park,Antham,pantham7q@thetimes.co.uk,588-164-8565,01594 Randy Parkway
280,Agneta,Rudwell,arudwell7r@ca.gov,792-546-4378,57 Mcguire Road
281,Elianore,Jiran,ejiran7s@zdnet.com,626-157-5345,778 Carey Way
282,Wayland,Jeavon,wjeavon7t@booking.com,336-314-1070,807 Stuart Drive
283,Aimil,Dumblton,adumblton7u@msu.edu,647-241-5411,2 Shoshone Avenue
284,Selig,Croughan,scroughan7v@cbslocal.com,924-542-0010,6348 Weeping Birch Plaza
285,Shandee,Paskin,spaskin7w@themeforest.net,101-876-8371,95 Daystar Court
286,Marijn,Adamski,madamski7x@guardian.co.uk,494-189-8577,8 Warner Parkway
287,Gregory,Ronchka,gronchka7y@epa.gov,841-353-5232,2 Kinsman Road
288,Lyndsey,Winborn,lwinborn7z@amazon.co.jp,403-465-9516,3 3rd Center
289,Art,Appleby,aappleby80@sohu.com,685-428-9025,806 Ridge Oak Place
290,Cele,Rosenstengel,crosenstengel81@ox.ac.uk,814-513-7146,579 Toban Terrace
291,Nancy,Bigham,nbigham82@slate.com,888-638-1541,540 Schmedeman Street
292,Elizabet,Muggleton,emuggleton83@people.com.cn,814-197-4163,537 Redwing Hill
293,Cher,Crayke,ccrayke84@reverbnation.com,513-111-2114,0 Sundown Park
294,Rorie,Courvert,rcourvert85@gizmodo.com,905-440-7185,3 Anzinger Point
295,Ansley,Woolliams,awoolliams86@nymag.com,746-538-6799,4922 Lyons Drive
296,Corrie,McGrah,cmcgrah87@networksolutions.com,184-980-0340,1 Welch Junction
297,Rowen,Alabone,ralabone88@is.gd,286-278-4715,4 Hallows Park
298,Averell,Bainton,abainton89@canalblog.com,603-351-3819,064 Stang Parkway
299,Marven,Stambridge,mstambridge8a@flavors.me,719-983-1042,74 Tennessee Place
300,Lambert,Broadley,lbroadley8b@smugmug.com,879-920-5102,595 Swallow Drive
301,Effie,Leete,eleete8c@usgs.gov,579-684-3461,1139 Thackeray Center
302,Martelle,Stockman,mstockman8d@reference.com,474-888-3183,69 Morningstar Place
303,Brook,Ferrone,bferrone8e@harvard.edu,592-302-7812,1 Holmberg Crossing
304,Wadsworth,Lobley,wlobley8f@lulu.com,609-774-9037,7 Dottie Lane
305,Tami,Wernher,twernher8g@twitter.com,249-690-8702,6296 Dennis Point
306,Alford,Mullender,amullender8h@istockphoto.com,374-492-1618,7682 Badeau Terrace
307,Lelah,Coules,lcoules8i@themeforest.net,186-938-1948,1940 Melody Crossing
308,Derry,Spivie,dspivie8j@theguardian.com,835-674-4646,47099 Russell Court
309,Caryl,Bierton,cbierton8k@elpais.com,166-517-4518,890 Esch Point
310,Monika,Yanne,myanne8l@eventbrite.com,649-724-2291,74889 Ridge Oak Junction
311,Keenan,Argrave,kargrave8m@example.com,594-905-7921,49 Havey Court
312,Othello,Harvatt,oharvatt8n@nyu.edu,956-801-3542,258 Hagan Terrace
313,Reiko,Lisimore,rlisimore8o@topsy.com,611-899-2938,41 Donald Road
314,Timofei,Sissons,tsissons8p@rambler.ru,586-906-5139,71 Jana Street
315,Zachery,McKinn,zmckinn8q@dagondesign.com,420-158-3793,54 Badeau Place
316,Rawley,Heamus,rheamus8r@cocolog-nifty.com,448-260-4019,0 Menomonie Drive
317,Timmy,Mucklestone,tmucklestone8s@trellian.com,461-160-7388,9586 Logan Avenue
318,Davidde,Spender,dspender8t@google.ca,573-870-7960,1547 Anzinger Plaza
319,Montague,Kobsch,mkobsch8u@xing.com,858-159-6532,016 Nevada Avenue
320,Junie,Langley,jlangley8v@netscape.com,299-121-3658,312 Glacier Hill Hill
321,Franky,Batstone,fbatstone8w@constantcontact.com,998-544-1184,6262 Shasta Street
322,Beatrisa,Hunte,bhunte8x@aol.com,757-262-3720,1 Cherokee Street
323,Cori,Ferroli,cferroli8y@printfriendly.com,830-780-6595,6434 Claremont Lane
324,Lambert,Minot,lminot8z@ucla.edu,391-218-3464,9884 Loomis Circle
325,Mireille,Lovett,mlovett90@nytimes.com,693-909-7006,80048 Independence Junction
326,Fidelia,de Leon,fdeleon91@e-recht24.de,877-246-1676,37 Debs Place
327,Tedra,Woehler,twoehler92@chronoengine.com,682-493-5635,5309 Lyons Court
328,See,Coleshill,scoleshill93@barnesandnoble.com,911-363-9003,233 Victoria Junction
329,Kristian,Weatherhill,kweatherhill94@opensource.org,479-302-5271,28941 Granby Road
330,Anna-diana,Anney,aanney95@hugedomains.com,229-319-3778,040 Mendota Hill
331,Ximenez,Poulsum,xpoulsum96@howstuffworks.com,607-266-7366,814 Fairview Road
332,Sonni,Dendon,sdendon97@wisc.edu,549-783-5441,46732 Hanover Point
333,Sherwynd,Andriolli,sandriolli98@nih.gov,831-315-9429,6626 Susan Terrace
334,Rodolfo,Stockwell,rstockwell99@multiply.com,862-407-2604,8701 Shopko Road
335,Tobias,McGrail,tmcgrail9a@alexa.com,594-298-2207,16657 Miller Plaza
336,Debor,Stubley,dstubley9b@ifeng.com,346-239-4516,828 Prairieview Crossing
337,Randy,Tripony,rtripony9c@jalbum.net,831-133-7486,61 Norway Maple Plaza
338,Marsh,Schimmang,mschimmang9d@zdnet.com,548-446-1366,53163 Mallory Lane
339,Zilvia,Legrand,zlegrand9e@php.net,244-120-7425,1 Caliangt Court
340,Grazia,Waliszewski,gwaliszewski9f@e-recht24.de,190-708-1403,25250 Parkside Street
341,Gwenora,Abbyss,gabbyss9g@state.gov,863-396-1169,857 Mallard Trail
342,Brion,Harbard,bharbard9h@sphinn.com,764-270-0654,2 Golf Course Street
343,Marna,Roxby,mroxby9i@digg.com,693-145-9660,37958 Hallows Drive
344,Alec,Vigar,avigar9j@newsvine.com,394-448-2408,9 Bashford Hill
345,Stephine,Youngs,syoungs9k@geocities.jp,428-401-3710,6 Oriole Way
346,Fonzie,Penkman,fpenkman9l@imageshack.us,319-288-5930,0459 Amoth Lane
347,Vinson,Walsom,vwalsom9m@tamu.edu,869-161-6580,900 Almo Park
348,Rosalind,Lafflin,rlafflin9n@fastcompany.com,519-301-6112,06364 Thackeray Center
349,Marshal,Malatalant,mmalatalant9o@gnu.org,236-323-4520,97296 Shasta Trail
350,Sibel,Marke,smarke9p@wunderground.com,613-765-3494,0 Bay Junction
351,Thorny,Batiste,tbatiste9q@shinystat.com,776-294-0829,54209 Artisan Parkway
352,Clio,Haster,chaster9r@dyndns.org,717-909-3242,256 Badeau Drive
353,Zola,Avramov,zavramov9s@i2i.jp,940-520-9645,1 Jackson Junction
354,Bryce,Mathevet,bmathevet9t@51.la,931-961-1558,332 Thackeray Avenue
355,Stefano,Klesse,sklesse9u@wunderground.com,769-767-9942,198 Menomonie Street
356,Abdel,Rozanski,arozanski9v@squidoo.com,793-911-5569,8 Dapin Crossing
357,Sande,Zoanetti,szoanetti9w@goodreads.com,707-544-9450,58690 Luster Park
358,Gaby,Gallear,ggallear9x@foxnews.com,775-138-9661,02012 Scott Point
359,Jori,Frangleton,jfrangleton9y@g.co,240-426-3642,696 Park Meadow Crossing
360,Merry,Creeber,mcreeber9z@ustream.tv,416-889-5129,91146 Waxwing Avenue
361,Tarrance,Ambrosio,tambrosioa0@cyberchimps.com,490-867-6899,6 Bartelt Lane
362,Katey,Vanstone,kvanstonea1@linkedin.com,325-627-0072,5308 Hansons Junction
363,Mead,Truter,mtrutera2@ezinearticles.com,286-249-5908,02 Hoffman Drive
364,Alice,Cassedy,acassedya3@google.pl,115-822-2106,48317 6th Crossing
365,Micky,Dayer,mdayera4@edublogs.org,109-713-1786,580 Veith Avenue
366,Liuka,Aspenlon,laspenlona5@opensource.org,115-664-0882,23469 Bluejay Way
367,Sheilah,Shiels,sshielsa6@sakura.ne.jp,345-737-8472,38321 Esch Court
368,Ave,Gwynn,agwynna7@ezinearticles.com,807-129-8315,8532 Jenna Avenue
369,Man,Fraanchyonok,mfraanchyonoka8@hubpages.com,275-427-4884,547 Weeping Birch Crossing
370,Bailie,Renard,brenarda9@dagondesign.com,249-211-9860,39 Chinook Lane
371,Mersey,Bane,mbaneaa@live.com,973-529-5408,6358 7th Park
372,Gretchen,Benford,gbenfordab@upenn.edu,599-860-4169,2900 Amoth Lane
373,Brendin,Sergeant,bsergeantac@hexun.com,651-746-8097,84327 Continental Pass
374,Madelina,Ortler,mortlerad@cnbc.com,655-420-4172,3 Laurel Court
375,Devonna,Kleisle,dkleisleae@foxnews.com,993-972-0747,77543 Loeprich Pass
376,Barnett,Northall,bnorthallaf@tamu.edu,488-942-7645,62 Maywood Place
377,Bradford,Wardle,bwardleag@apache.org,980-740-6823,4 Scoville Circle
378,Shepard,Haensel,shaenselah@ifeng.com,831-763-0525,1962 Prairie Rose Court
379,May,Fishby,mfishbyai@is.gd,534-712-4798,32 Division Road
380,Fred,Sketcher,fsketcheraj@ebay.com,181-156-2715,525 Larry Crossing
381,Eugenia,Belsey,ebelseyak@answers.com,597-115-8669,3671 Stuart Point
382,Garry,Coley,gcoleyal@google.cn,734-235-6233,54850 Maple Alley
383,Laney,Paxton,lpaxtonam@simplemachines.org,763-592-7072,9775 Anniversary Parkway
384,Raf,Lilian,rlilianan@friendfeed.com,168-165-1587,880 Annamark Drive
385,Phineas,Humbell,phumbellao@samsung.com,909-930-3656,187 Eggendart Crossing
386,Aileen,Sainer,asainerap@linkedin.com,589-770-6998,73830 Glendale Trail
387,Calida,Inseal,cinsealaq@smh.com.au,342-176-8650,78 Oneill Junction
388,Lorrayne,Espine,lespinear@ebay.co.uk,965-742-8105,99323 Vermont Court
389,Diana,Antunes,dantunesas@tiny.cc,417-483-1500,55 Anderson Avenue
390,Clarence,Dominici,cdominiciat@fotki.com,508-747-8768,22 Bluestem Street
391,Westleigh,Didball,wdidballau@icio.us,468-120-5093,8 Hollow Ridge Plaza
392,Wini,Ibbs,wibbsav@google.com.au,901-201-7115,55 Service Pass
393,Odell,Lowry,olowryaw@hexun.com,340-570-7129,71 School Trail
394,Jilleen,Hercules,jherculesax@wikimedia.org,425-830-2896,88136 Ramsey Terrace
395,Galen,Pitts,gpittsay@weibo.com,175-121-8987,3203 Ronald Regan Way
396,Adriana,Bostick,abostickaz@ucoz.ru,493-354-7529,5647 Scoville Drive
397,Vicky,Kondratenya,vkondratenyab0@google.co.uk,498-450-9826,0 Mosinee Trail
398,Reuven,Llewellin,rllewellinb1@blogspot.com,607-850-4987,5 Stephen Parkway
399,Ramsay,Ruckert,rruckertb2@adobe.com,657-830-5969,07442 Bluestem Place
400,Cecil,Pharoah,cpharoahb3@techcrunch.com,577-877-0111,25610 Del Sol Park
401,Trent,Serris,tserrisb4@amazon.com,911-798-5905,1 Nevada Park
402,Cassi,Kohnemann,ckohnemannb5@oracle.com,565-973-7313,3 Daystar Drive
403,Jimmy,Grzegorzewicz,jgrzegorzewiczb6@clickbank.net,988-638-0639,823 Brown Circle
404,Laurella,Maliphant,lmaliphantb7@hibu.com,281-322-9911,47 Esker Center
405,Delmor,Wheadon,dwheadonb8@google.co.jp,876-353-0131,9839 Mcbride Crossing
406,Viviana,Bollin,vbollinb9@salon.com,456-504-3607,0051 Fuller Way
407,Wilmer,Helversen,whelversenba@360.cn,722-769-5715,64 Loomis Junction
408,Toinette,Colaton,tcolatonbb@kickstarter.com,961-971-3015,4471 Fairview Parkway
409,Brittni,Perrottet,bperrottetbc@jimdo.com,648-946-0170,97 Moulton Point
410,Granthem,McCall,gmccallbd@discovery.com,252-904-5828,68361 Independence Lane
411,Cilka,Rivers,criversbe@cocolog-nifty.com,789-654-0321,7160 Donald Junction
412,Cazzie,Book,cbookbf@bbb.org,246-894-5074,47 Stuart Street
413,Flemming,Hughesdon,fhughesdonbg@quantcast.com,192-315-0882,6 Bultman Way
414,Tandi,Robbie,trobbiebh@moonfruit.com,337-432-8161,4418 Eastlawn Trail
415,Jessi,Doidge,jdoidgebi@livejournal.com,899-495-0455,2093 Eagle Crest Crossing
416,Claribel,Ratledge,cratledgebj@rediff.com,419-910-7900,097 Spohn Park
417,Jamal,MacFadzean,jmacfadzeanbk@kickstarter.com,104-628-5353,83 Knutson Court
418,Jacquenette,Simonich,jsimonichbl@is.gd,198-717-8308,78 Dapin Parkway
419,Diann,Jeffreys,djeffreysbm@unesco.org,394-604-7824,3 Warbler Plaza
420,Gerda,Davidow,gdavidowbn@redcross.org,852-964-1258,36 Di Loreto Court
421,Elane,Been,ebeenbo@topsy.com,735-107-0691,3 Riverside Hill
422,Foster,Sansome,fsansomebp@wp.com,779-903-7731,3 Stephen Court
423,Nicky,Cotsford,ncotsfordbq@irs.gov,212-240-8785,903 Independence Alley
424,Roseanna,Webling,rweblingbr@ning.com,250-717-5196,89 Roxbury Alley
425,Aluino,Ricciardello,aricciardellobs@ow.ly,229-279-1761,7116 Pearson Point
426,Ralina,Kingswood,rkingswoodbt@amazon.co.uk,666-565-2461,5 Little Fleur Street
427,Enid,Boulding,ebouldingbu@cbsnews.com,695-320-1018,72137 Stephen Center
428,Marita,Woolaston,mwoolastonbv@woothemes.com,816-176-5869,61276 Dorton Pass
429,Ericka,Roddick,eroddickbw@si.edu,324-964-0988,4506 Schurz Drive
430,Modestine,Maffione,mmaffionebx@shop-pro.jp,330-368-3858,486 Sage Street
431,Rickie,Balkwill,rbalkwillby@cloudflare.com,350-779-7717,68059 Pepper Wood Crossing
432,Shelby,Robarts,srobartsbz@who.int,146-567-9307,724 Katie Point
433,Patrizius,Gaenor,pgaenorc0@utexas.edu,110-588-5759,0 Swallow Terrace
434,Alidia,Ahmad,aahmadc1@parallels.com,575-415-7417,6003 Dwight Pass
435,Sosanna,Cootes,scootesc2@unblog.fr,192-493-2639,5 Ilene Place
436,Marcel,Life,mlifec3@biblegateway.com,521-806-8748,88255 Meadow Ridge Circle
437,Pippy,Lewing,plewingc4@bloglovin.com,605-881-4357,6 North Way
438,Rakel,Whaley,rwhaleyc5@tmall.com,713-969-6887,43 Eliot Road
439,Seka,Dawnay,sdawnayc6@nih.gov,594-606-1676,83114 Portage Circle
440,Celka,Grain,cgrainc7@w3.org,244-865-9062,43 Continental Hill
441,Elita,Lindsey,elindseyc8@networksolutions.com,240-732-4594,2 Dryden Pass
442,Wolf,Kinrade,wkinradec9@answers.com,316-428-6710,681 Loomis Lane
443,Janessa,Tripcony,jtripconyca@storify.com,880-444-3176,9776 La Follette Drive
444,Bartholomeus,Southern,bsoutherncb@si.edu,557-196-0983,7906 Welch Trail
445,Sharl,Yarnall,syarnallcc@wufoo.com,886-410-3572,7 Granby Hill
446,Misha,Langmaid,mlangmaidcd@canalblog.com,545-312-7304,184 Talmadge Hill
447,Donal,Champneys,dchampneysce@blogger.com,285-364-3648,3256 Derek Parkway
448,Timotheus,Halleday,thalledaycf@omniture.com,720-109-4561,7949 Lighthouse Bay Plaza
449,Teressa,Yve,tyvecg@com.com,436-492-9457,29110 Haas Avenue
450,Lee,Lefort,llefortch@noaa.gov,724-795-8719,0 Pierstorff Terrace
451,Rubin,Amphlett,ramphlettci@hugedomains.com,560-589-5257,35005 Darwin Junction
452,Adiana,Siehard,asiehardcj@typepad.com,530-342-1444,008 Cambridge Drive
453,Manfred,Collibear,mcollibearck@symantec.com,542-348-3632,8 Summit Point
454,Clarabelle,Pallasch,cpallaschcl@webnode.com,584-889-6107,349 Milwaukee Road
455,Maximo,Norcutt,mnorcuttcm@people.com.cn,105-191-4911,21246 Dovetail Terrace
456,Fran,Sarjant,fsarjantcn@zdnet.com,214-341-5475,43 Banding Street
457,Yule,Gierardi,ygierardico@oracle.com,777-100-2670,93435 Karstens Crossing
458,Ellissa,Jumeau,ejumeaucp@dagondesign.com,673-334-7260,084 Meadow Ridge Center
459,Raquel,Bellringer,rbellringercq@paypal.com,134-281-0658,1226 Becker Plaza
460,Freddy,Zorzetti,fzorzetticr@npr.org,524-956-4509,5 Commercial Drive
461,Thor,Harnell,tharnellcs@disqus.com,660-491-5746,020 Twin Pines Road
462,Lusa,Goeff,lgoeffct@acquirethisname.com,977-241-7549,86614 Rusk Plaza
463,Hermione,Cockayme,hcockaymecu@webs.com,737-185-7543,1925 Susan Center
464,Janie,Varfalameev,jvarfalameevcv@dyndns.org,843-689-8049,75299 American Ash Crossing
465,Jermayne,Haslum,jhaslumcw@china.com.cn,254-800-9644,6 Mandrake Alley
466,Lelah,Kearsley,lkearsleycx@indiegogo.com,643-983-4582,32 Ohio Place
467,Cris,Shillan,cshillancy@sourceforge.net,873-153-0808,5 Red Cloud Road
468,Dewey,McBeth,dmcbethcz@51.la,706-708-1584,556 Bultman Parkway
469,Larisa,Boffey,lboffeyd0@accuweather.com,792-686-0739,501 Mcguire Lane
470,Dion,Floyed,dfloyedd1@icio.us,407-950-4667,3645 Bartillon Drive
471,Desmond,Aronowicz,daronowiczd2@naver.com,230-863-3049,54060 Cottonwood Pass
472,Nola,Lamar,nlamard3@merriam-webster.com,103-271-5442,4 Artisan Road
473,Sidney,Polet,spoletd4@miitbeian.gov.cn,862-256-7553,24376 Twin Pines Center
474,Mamie,Becket,mbecketd5@tumblr.com,880-257-2996,68 Londonderry Road
475,Jessie,Wernher,jwernherd6@macromedia.com,829-809-1901,17182 Buell Lane
476,Sampson,O'Halleghane,sohalleghaned7@goo.ne.jp,712-962-6140,81 8th Center
477,Esdras,Stuchbury,estuchburyd8@webnode.com,604-822-7739,9 Dovetail Court
478,Gale,Hayland,ghaylandd9@dmoz.org,634-789-5128,48 Washington Way
479,Bryant,Lopes,blopesda@nasa.gov,606-747-8493,44778 Caliangt Street
480,Keslie,Berry,kberrydb@ftc.gov,506-974-8502,0 6th Point
481,Tawnya,Oxx,toxxdc@hhs.gov,169-156-2021,6793 Nelson Plaza
482,Lorri,Deware,ldewaredd@aol.com,954-158-3891,442 Amoth Drive
483,Suzy,Arthurs,sarthursde@plala.or.jp,227-429-6811,287 Bowman Drive
484,June,Yorkston,jyorkstondf@t-online.de,763-445-9237,6 Macpherson Place
485,Enrika,Chesswas,echesswasdg@upenn.edu,158-409-6673,39549 Boyd Street
486,Aldous,Balas,abalasdh@wordpress.com,871-630-4009,488 Killdeer Point
487,Carmencita,Boone,cboonedi@washington.edu,161-156-6876,1011 Derek Park
488,Siana,Trussell,strusselldj@webs.com,890-744-4075,2 Hanson Circle
489,Nesta,Burnitt,nburnittdk@flavors.me,667-842-1518,43 Hauk Park
490,Octavius,Kingsnorth,okingsnorthdl@unblog.fr,579-994-5240,952 Summer Ridge Way
491,Lena,Cudiff,lcudiffdm@domainmarket.com,617-697-3561,76586 High Crossing Pass
492,Sully,Adolf,sadolfdn@dropbox.com,663-320-3742,77640 Hagan Trail
493,Lurline,Gover,lgoverdo@unc.edu,260-705-9940,44 Ilene Park
494,Zebedee,Theis,ztheisdp@chron.com,946-568-9150,0703 Sage Court
495,Linet,Inder,linderdq@etsy.com,866-813-7537,1348 Lyons Alley
496,Hugues,Wayvill,hwayvilldr@dmoz.org,107-745-7003,759 Summit Street
497,Verine,Pinck,vpinckds@narod.ru,300-318-1830,765 Esker Street
498,Mariele,Sissland,msisslanddt@sohu.com,282-876-0104,4157 Montana Way
499,Pamela,Balcock,pbalcockdu@tuttocitta.it,192-223-8272,9164 Esker Court
500,Jacynth,Ditchett,jditchettdv@kickstarter.com,567-238-2582,5884 Ridgeway Junction
501,Lurette,Ludron,lludrondw@indiegogo.com,935-942-6170,6621 Rieder Junction
502,Katti,Mordie,kmordiedx@printfriendly.com,816-953-4312,0682 Blaine Way
503,Sunny,Mouget,smougetdy@t-online.de,671-334-2749,2731 2nd Pass
504,Annabal,Labrone,alabronedz@csmonitor.com,756-680-4249,2 Hauk Street
505,Sheba,Saxon,ssaxone0@dion.ne.jp,162-281-9693,798 Arapahoe Street
506,Alphonse,Saunton,asauntone1@t.co,660-768-1578,54 Melby Alley
507,Laverne,Saleway,lsalewaye2@ning.com,403-150-7972,649 Esch Circle
508,Allyce,Stogill,astogille3@shinystat.com,180-574-3550,62975 Melody Crossing
509,Cindie,Knutton,cknuttone4@newsvine.com,954-720-0037,91745 Bunting Terrace
510,Wyn,Westberg,wwestberge5@shareasale.com,649-555-5362,2 Eagan Terrace
511,Aeriela,Aujean,aaujeane6@fastcompany.com,539-889-1795,37 Rusk Parkway
512,Nanette,Von Der Empten,nvonderemptene7@clickbank.net,352-206-8860,13 Ilene Point
513,Ingrim,Robelow,irobelowe8@washington.edu,100-419-0126,185 Shopko Circle
514,Arabelle,Ram,arame9@mapy.cz,658-198-5896,23 Shasta Way
515,Adriano,Grindrod,agrindrodea@amazonaws.com,257-982-9864,7 Karstens Street
516,Pierette,Gozard,pgozardeb@gmpg.org,314-797-8979,22 Rowland Junction
517,Shayne,Zorener,szorenerec@yahoo.co.jp,925-252-9729,0906 Ilene Street
518,Che,Cassie,ccassieed@google.com.au,902-904-9199,4475 Corscot Street
519,Kacy,Motion,kmotionee@fotki.com,721-133-4152,669 Southridge Hill
520,Bartolomeo,Bootell,bbootellef@hhs.gov,107-944-1274,78249 Farmco Place
521,Meris,Fagge,mfaggeeg@wisc.edu,725-106-7604,10488 Hoepker Alley
522,Lelah,Ruddoch,lruddocheh@dion.ne.jp,850-143-3479,3 Meadow Valley Street
523,Nikki,Kidner,nkidnerei@nydailynews.com,103-188-2165,09705 Logan Alley
524,Nate,Reedyhough,nreedyhoughej@yelp.com,117-833-1039,256 Thierer Pass
525,Ara,Camerana,acameranaek@multiply.com,608-695-8431,45 Holmberg Avenue
526,Harmony,Hughson,hhughsonel@amazon.com,404-560-8630,371 Kennedy Way
527,Linette,Farlham,lfarlhamem@barnesandnoble.com,492-215-0273,1 Summerview Parkway
528,Howie,Farfull,hfarfullen@seattletimes.com,323-785-8806,260 Saint Paul Road
529,Donalt,Bartolomucci,dbartolomuccieo@nsw.gov.au,624-137-4890,701 Petterle Point
530,Domeniga,Paullin,dpaullinep@ustream.tv,206-266-9951,57 Oakridge Avenue
531,Penn,Aronsohn,paronsohneq@de.vu,605-174-0067,54 Carioca Way
532,Enrika,Baison,ebaisoner@topsy.com,100-387-0329,5103 Butternut Alley
533,Paquito,Corsar,pcorsares@zimbio.com,637-673-2564,51774 Truax Center
534,Roosevelt,Bredbury,rbredburyet@huffingtonpost.com,595-437-3446,0185 American Ash Alley
535,Camel,Carnier,ccarniereu@lycos.com,230-441-2562,52 Morning Street
536,Padget,Vannuchi,pvannuchiev@nature.com,958-305-7769,6624 Schurz Street
537,Welsh,Full,wfullew@yellowbook.com,931-860-6149,2251 Pearson Avenue
538,Rafe,Yousef,ryousefex@webmd.com,459-212-6811,72760 Mccormick Court
539,Hashim,Giovannardi,hgiovannardiey@unc.edu,693-995-8404,40 Harper Place
540,Danyelle,Sprason,dsprasonez@netlog.com,105-556-6239,60482 Sommers Way
541,Miran,Phillott,mphillottf0@indiatimes.com,407-642-6085,9 Prentice Lane
542,Muffin,Jowle,mjowlef1@house.gov,802-381-5920,5292 East Way
543,Arman,Swinley,aswinleyf2@tmall.com,843-403-3455,5 Westend Trail
544,Inge,Smewin,ismewinf3@mozilla.org,360-802-5037,186 Westerfield Hill
545,Jasper,Beharrell,jbeharrellf4@nydailynews.com,424-886-0482,168 Talisman Plaza
546,Rickard,Markwick,rmarkwickf5@tuttocitta.it,618-789-1394,338 Tomscot Terrace
547,Nyssa,Brigden,nbrigdenf6@github.com,624-848-7752,52 Glacier Hill Terrace
548,Penny,Skeleton,pskeletonf7@npr.org,282-530-5006,405 Burrows Street
549,Mable,Piddletown,mpiddletownf8@woothemes.com,782-397-0533,503 John Wall Crossing
550,Jamal,Hawyes,jhawyesf9@wikia.com,404-775-0124,17 Nova Way
551,Abel,Casserly,acasserlyfa@hexun.com,386-247-1162,716 Schmedeman Center
552,Devinne,Dare,ddarefb@psu.edu,687-155-4592,6 Talisman Way
553,Myrah,Sawl,msawlfc@cam.ac.uk,503-451-8415,64822 Lunder Crossing
554,Carlee,Streetfield,cstreetfieldfd@yale.edu,744-607-2604,3861 Sunbrook Road
555,Amil,Duffree,aduffreefe@wp.com,947-248-6213,34931 Crowley Trail
556,Masha,Pentelo,mpenteloff@discovery.com,421-434-8866,3053 Pond Lane
557,Roberto,Zettoi,rzettoifg@creativecommons.org,647-109-9087,363 Superior Terrace
558,Hazel,Hylton,hhyltonfh@kickstarter.com,824-341-3301,43 Burrows Way
559,Myrta,Bernadon,mbernadonfi@tinypic.com,991-846-2137,0259 Rockefeller Center
560,Broderic,Gosnall,bgosnallfj@fotki.com,151-817-9936,2764 Reinke Center
561,Bobbette,Worboy,bworboyfk@nationalgeographic.com,580-892-2335,1 Duke Drive
562,Thom,Jarnell,tjarnellfl@youtube.com,961-310-7722,27111 Bartillon Trail
563,Amity,Yates,ayatesfm@ibm.com,299-864-7624,7959 Londonderry Trail
564,Terrill,Thys,tthysfn@bbb.org,598-390-9545,669 Old Gate Court
565,Fern,McAuley,fmcauleyfo@earthlink.net,547-808-4025,31970 Twin Pines Circle
566,Kerrin,Tremontana,ktremontanafp@wikipedia.org,293-777-9768,42 Towne Street
567,Noell,Justham,njusthamfq@addtoany.com,192-598-9650,219 Brown Way
568,Delcine,Shave,dshavefr@blog.com,283-927-5297,1018 Dovetail Avenue
569,Kennith,Androsik,kandrosikfs@bluehost.com,801-230-2958,5897 Summit Park
570,Issy,Goman,igomanft@hp.com,833-810-0547,71 Nancy Alley
571,Licha,Humbert,lhumbertfu@unicef.org,924-820-8605,285 Ruskin Circle
572,Merwin,Betje,mbetjefv@com.com,916-262-7283,914 Porter Plaza
573,Blinny,Kalker,bkalkerfw@ca.gov,574-647-9741,1 Elgar Center
574,Burtie,Hark,bharkfx@sina.com.cn,617-385-2600,021 Grim Court
575,Gena,Badsworth,gbadsworthfy@flavors.me,430-407-6836,276 Quincy Center
576,Trevor,McCrainor,tmccrainorfz@1688.com,966-732-2236,2 Village Green Street
577,Joyann,Gammel,jgammelg0@vkontakte.ru,376-756-7335,85158 Golf View Circle
578,Emmery,Moffat,emoffatg1@npr.org,405-100-6081,74 Golf Course Alley
579,Aveline,Brockway,abrockwayg2@hud.gov,280-517-2648,5892 Novick Junction
580,Geno,Neal,gnealg3@ucoz.com,476-939-0241,4911 Division Parkway
581,Rosemaria,Turrell,rturrellg4@admin.ch,310-554-1790,61 South Terrace
582,Audrey,Ingles,ainglesg5@shop-pro.jp,987-668-4739,62 Blaine Place
583,Jerry,Sanchiz,jsanchizg6@ask.com,576-110-2676,45 Killdeer Pass
584,Sascha,Faragan,sfaragang7@arizona.edu,398-296-5264,3 Green Ridge Park
585,Yurik,Orris,yorrisg8@tripod.com,113-508-1360,8 Westport Drive
586,Ewen,Millom,emillomg9@vkontakte.ru,137-877-5692,51809 Rowland Lane
587,Hamnet,Carlile,hcarlilega@redcross.org,709-548-4609,0 Orin Crossing
588,Nanni,Ybarra,nybarragb@pagesperso-orange.fr,568-451-0822,4 North Pass
589,Farah,Maeer,fmaeergc@yahoo.co.jp,381-164-0499,73128 Marquette Road
590,Yancey,Kiraly,ykiralygd@indiegogo.com,486-437-3197,8902 Russell Avenue
591,Ayn,Kondratenko,akondratenkoge@google.cn,613-331-4499,2 Northland Alley
592,Vonny,Pedgrift,vpedgriftgf@example.com,719-449-6470,49 Blue Bill Park Road
593,Hi,Westfalen,hwestfalengg@jimdo.com,159-211-0267,68 Cambridge Parkway
594,Wenona,McConaghy,wmcconaghygh@guardian.co.uk,124-610-3868,27249 Boyd Road
595,Saba,Goodhay,sgoodhaygi@shinystat.com,392-437-9507,1 Holmberg Point
596,Etti,Giles,egilesgj@cdc.gov,776-813-5861,69 Oakridge Center
597,Zelig,Kepe,zkepegk@yahoo.com,557-314-0519,014 Colorado Terrace
598,Agretha,Dugood,adugoodgl@state.gov,907-634-8308,4746 Rowland Center
599,Jonathan,Klimushev,jklimushevgm@si.edu,656-507-9413,62285 Arrowood Plaza
600,Guss,McKimmie,gmckimmiegn@exblog.jp,294-505-7796,2 Nancy Hill
601,Anselm,Laherty,alahertygo@google.es,141-135-2704,295 Columbus Court
602,Bob,Newgrosh,bnewgroshgp@washingtonpost.com,813-233-5218,30722 Rieder Trail
603,Linn,Matussow,lmatussowgq@jiathis.com,779-224-0547,239 Magdeline Point
604,Lenci,O'Murtagh,lomurtaghgr@topsy.com,233-506-4667,327 Cody Crossing
605,Tessi,Seyler,tseylergs@mozilla.com,119-801-1516,64 4th Lane
606,Ilise,Lethlay,ilethlaygt@dion.ne.jp,341-794-9058,6501 Hazelcrest Parkway
607,Kincaid,Eyer,keyergu@telegraph.co.uk,932-553-5460,0 Nova Trail
608,Klaus,Andren,kandrengv@yolasite.com,108-481-1615,62161 Trailsway Pass
609,Max,Pol,mpolgw@geocities.jp,774-767-7264,87731 Prairieview Way
610,My,McKune,mmckunegx@theglobeandmail.com,198-885-4958,15719 Brown Way
611,Orv,Derrell,oderrellgy@etsy.com,353-499-9922,38 Pond Pass
612,Annissa,Bonnick,abonnickgz@constantcontact.com,212-616-4704,8387 Susan Avenue
613,Paulette,Minchenton,pminchentonh0@arizona.edu,538-775-0518,08 Mitchell Court
614,Julie,Roze,jrozeh1@dailymail.co.uk,195-767-4976,02763 Calypso Point
615,Lisette,Yeaman,lyeamanh2@marketwatch.com,100-425-5759,10826 Coleman Plaza
616,Shawnee,Merrigans,smerrigansh3@va.gov,541-788-6333,4 Johnson Street
617,Demeter,Giacomoni,dgiacomonih4@wix.com,978-840-6959,50 Haas Street
618,Tedda,Swansborough,tswansboroughh5@ezinearticles.com,983-688-7276,1 Colorado Lane
619,Berton,Alvey,balveyh6@weibo.com,564-939-0093,84 Troy Way
620,Kynthia,Formby,kformbyh7@posterous.com,934-961-2132,385 Shopko Trail
621,Ailina,Gibben,agibbenh8@tripod.com,597-453-6150,1 Quincy Hill
622,Jada,Sanbrook,jsanbrookh9@google.com,728-425-6895,1 Carioca Parkway
623,Gusti,Huyge,ghuygeha@vkontakte.ru,134-791-5611,7425 Ridgeview Street
624,Loreen,Crack,lcrackhb@webmd.com,523-489-5990,15052 Spaight Plaza
625,Rodrick,Pelzer,rpelzerhc@google.co.jp,630-815-9356,7979 Hudson Alley
626,Fanechka,Bissiker,fbissikerhd@acquirethisname.com,463-702-1562,4 Saint Paul Crossing
627,Ronni,Sinney,rsinneyhe@pbs.org,896-900-5726,95 Kinsman Avenue
628,Jessalin,Silbersak,jsilbersakhf@about.com,889-797-7015,5 Kedzie Hill
629,Harriette,Fellman,hfellmanhg@nbcnews.com,184-626-4350,77202 Kingsford Hill
630,Ivonne,Starford,istarfordhh@ted.com,725-374-6903,4 Annamark Court
631,Ferne,Padefield,fpadefieldhi@npr.org,828-710-4269,78 Golf View Terrace
632,Janean,Toyne,jtoynehj@webmd.com,640-409-8104,2931 Sutteridge Avenue
633,Molli,Almond,malmondhk@va.gov,747-403-6931,2 Bluejay Court
634,Kari,Gomm,kgommhl@hostgator.com,175-842-8759,1071 Fairview Point
635,Constanta,Harradence,charradencehm@youtu.be,281-739-9997,508 Sycamore Center
636,Milt,Gilligan,mgilliganhn@twitter.com,188-518-3710,4 Oxford Parkway
637,Nita,Willarton,nwillartonho@newyorker.com,340-204-8650,4 American Avenue
638,Artemus,Cashley,acashleyhp@miibeian.gov.cn,380-237-7497,5171 Badeau Road
639,Marika,Sheering,msheeringhq@skyrock.com,270-897-9460,0605 Northridge Center
640,Dulcine,Vairow,dvairowhr@vistaprint.com,776-415-0903,75291 Maple Parkway
641,Theda,Roscamps,troscampshs@wikia.com,354-228-4683,55228 Dixon Junction
642,Hank,Bloom,hbloomht@bloomberg.com,863-503-4106,555 Miller Junction
643,Jakie,Ritchman,jritchmanhu@photobucket.com,283-123-5941,9 Barby Lane
644,Raven,Klausen,rklausenhv@dagondesign.com,730-859-6903,8733 Sundown Terrace
645,Bartholomew,Maffulli,bmaffullihw@qq.com,336-793-5197,7175 Buell Hill
646,Marlowe,Gon,mgonhx@icq.com,381-125-1039,31 Division Hill
647,Fidelity,Cornewall,fcornewallhy@japanpost.jp,310-641-0009,6695 Buena Vista Lane
648,Welsh,Dyment,wdymenthz@foxnews.com,868-781-8258,3 Hanover Way
649,Celestyna,Bissett,cbissetti0@plala.or.jp,224-504-8233,1 Tennessee Place
650,Merle,Roxburgh,mroxburghi1@exblog.jp,474-620-2421,347 Golden Leaf Hill
651,Nickey,Ege,negei2@bizjournals.com,428-745-4654,825 7th Lane
652,Kenneth,Lasty,klastyi3@cnbc.com,801-246-8873,45406 Carey Road
653,Felisha,Seamon,fseamoni4@jimdo.com,261-412-9213,23101 Arrowood Circle
654,Gayle,Wolverson,gwolversoni5@ebay.com,381-893-4548,709 Briar Crest Place
655,Fulvia,Chagg,fchaggi6@ucoz.com,167-471-9821,9 Glacier Hill Street
656,Christian,Coonihan,ccoonihani7@cnet.com,946-934-6215,31573 Schiller Center
657,Delphinia,Kief,dkiefi8@gnu.org,290-224-4102,398 Glendale Court
658,Jessie,Osgardby,josgardbyi9@networksolutions.com,696-945-5626,6917 Boyd Road
659,Page,Hiddy,phiddyia@icio.us,340-569-1458,858 Springview Terrace
660,Riane,Mcall,rmcallib@dropbox.com,141-401-1826,88210 Birchwood Trail
661,Wynnie,Antrag,wantragic@uol.com.br,284-499-6051,7 Little Fleur Trail
662,Cece,Brandel,cbrandelid@hibu.com,132-832-0786,764 Merrick Pass
663,Rivy,Dodridge,rdodridgeie@microsoft.com,863-618-9170,28 Mendota Point
664,Revkah,Kiebes,rkiebesif@drupal.org,703-974-8822,8 Dovetail Center
665,Hollie,Fison,hfisonig@reddit.com,512-975-8542,5239 Dwight Park
666,Joceline,Gull,jgullih@house.gov,664-894-7760,69587 Almo Parkway
667,Pippy,Riall,priallii@marketwatch.com,757-965-4981,960 Calypso Street
668,Orson,Cock,ocockij@stanford.edu,144-974-5920,95 Johnson Avenue
669,Daisey,Andrin,dandrinik@smugmug.com,580-970-7658,046 Oriole Road
670,Ashley,Enderson,aendersonil@hud.gov,523-652-4782,33 Northview Circle
671,Haley,Lawlee,hlawleeim@youtu.be,996-239-1751,754 Darwin Lane
672,Hilary,Colston,hcolstonin@moonfruit.com,507-548-0236,651 Laurel Court
673,Betteann,Claiton,bclaitonio@fc2.com,540-165-1622,12647 Butterfield Plaza
674,Elsbeth,Clench,eclenchip@scientificamerican.com,573-717-5918,16712 Birchwood Court
675,Alene,Bessent,abessentiq@istockphoto.com,606-738-2369,683 Thierer Court
676,Vinny,Thunders,vthundersir@tripod.com,504-156-2396,34317 Derek Lane
677,Jana,Gaymer,jgaymeris@wisc.edu,280-518-9331,1663 Lyons Terrace
678,Vern,Wyllcock,vwyllcockit@engadget.com,605-508-7985,643 Washington Avenue
679,Ardath,Dinnington,adinningtoniu@netlog.com,911-766-1874,76333 Boyd Terrace
680,Hasheem,Gruby,hgrubyiv@un.org,466-736-1556,8122 Old Shore Drive
681,Danika,Steeden,dsteedeniw@amazon.com,974-950-0087,462 Tennessee Court
682,Tracy,Woodruff,twoodruffix@jimdo.com,199-770-7035,3 Hoard Street
683,Peri,Bernardoux,pbernardouxiy@berkeley.edu,348-123-4618,1 Brown Avenue
684,Helaina,Kirckman,hkirckmaniz@unc.edu,200-753-4343,8618 Mariners Cove Pass
685,Georgena,O'Lagen,golagenj0@yolasite.com,388-931-5798,322 Drewry Park
686,Emilio,Kendred,ekendredj1@sitemeter.com,804-172-1156,31642 Duke Way
687,Nicolis,Hallward,nhallwardj2@eventbrite.com,705-443-0698,1 Blue Bill Park Avenue
688,Rutger,Bromby,rbrombyj3@oaic.gov.au,267-642-8026,6255 Summit Point
689,Ben,Paulusch,bpauluschj4@usgs.gov,380-736-8645,38 Crest Line Park
690,Aylmar,Jennings,ajenningsj5@europa.eu,581-469-3608,7 Kingsford Plaza
691,Juliana,Caghy,jcaghyj6@i2i.jp,961-404-2767,82132 Mayer Lane
692,Pen,Willett,pwillettj7@gov.uk,417-812-3194,365 Maywood Lane
693,Ninetta,Maton,nmatonj8@cpanel.net,167-536-2064,1 North Circle
694,Davis,D'Costa,ddcostaj9@arstechnica.com,473-970-6440,02844 Anzinger Point
695,Violette,Dey,vdeyja@hud.gov,529-764-5167,0 Crescent Oaks Park
696,Harmon,O' Shea,hosheajb@ted.com,401-391-8049,0383 Carberry Pass
697,Fritz,De Mitris,fdemitrisjc@privacy.gov.au,483-909-5018,24 Shasta Court
698,Kylie,Gaddes,kgaddesjd@twitter.com,715-191-9195,56510 Caliangt Alley
699,Ad,Mergue,amergueje@dmoz.org,675-524-0335,05 Dawn Drive
700,Alvin,Ferson,afersonjf@ameblo.jp,578-947-8603,50826 Roxbury Terrace
701,Elbertina,Willden,ewilldenjg@google.de,781-130-9263,505 Pennsylvania Parkway
702,Sarine,Krystek,skrystekjh@europa.eu,489-948-0367,12 Fair Oaks Drive
703,Jean,Bisiker,jbisikerji@meetup.com,457-724-5821,1 Glacier Hill Terrace
704,Grace,Sigart,gsigartjj@tripadvisor.com,187-412-1045,65042 Prairie Rose Center
705,Hamid,Segeswoeth,hsegeswoethjk@yale.edu,737-703-3108,262 Park Meadow Trail
706,Shelli,Hutchins,shutchinsjl@goo.ne.jp,842-611-4381,909 Jay Terrace
707,Krissy,Papis,kpapisjm@gravatar.com,942-473-9403,86691 Granby Alley
708,Kleon,Kopf,kkopfjn@engadget.com,355-928-9382,8788 Caliangt Trail
709,Garvy,Torald,gtoraldjo@umich.edu,243-831-7062,85059 Vermont Circle
710,Verge,Goodyear,vgoodyearjp@businessweek.com,115-481-3016,07 Glendale Junction
711,Kaycee,Blazy,kblazyjq@skyrock.com,394-292-9139,155 Shelley Junction
712,Tuck,Haville,thavillejr@meetup.com,218-745-5133,2 Charing Cross Circle
713,Roselia,Mandry,rmandryjs@comcast.net,664-962-7058,1 Carey Junction
714,Audrye,Cole,acolejt@altervista.org,419-983-1857,76 Manley Point
715,Lee,Dicken,ldickenju@nhs.uk,300-664-1271,18 Porter Alley
716,Wang,Pennicott,wpennicottjv@pen.io,850-887-2691,06 Duke Pass
717,Darb,Andreaccio,dandreacciojw@telegraph.co.uk,527-340-5430,4663 Sunbrook Way
718,Mile,McInteer,mmcinteerjx@imdb.com,547-948-7653,702 Holy Cross Street
719,Julieta,Pinilla,jpinillajy@google.de,352-480-7726,1 Hazelcrest Point
720,Jeannie,Seleway,jselewayjz@networksolutions.com,607-538-9046,55700 Esch Park
721,Rosemaria,Chaikovski,rchaikovskik0@ifeng.com,849-954-8241,53 Harper Alley
722,Barbara-anne,Galia,bgaliak1@uiuc.edu,645-874-0301,4217 2nd Junction
723,Arly,Harsent,aharsentk2@unicef.org,766-907-6135,60692 Arrowood Lane
724,Ruthie,Sancroft,rsancroftk3@1und1.de,538-450-2543,96 Charing Cross Center
725,Derrek,Cunningham,dcunninghamk4@adobe.com,214-547-1131,32603 Darwin Crossing
726,Horton,Benduhn,hbenduhnk5@unesco.org,626-234-3985,32 Sutherland Parkway
727,Markus,Nathan,mnathank6@ycombinator.com,615-453-8164,869 Fulton Circle
728,Jaquenetta,Smithin,jsmithink7@reddit.com,874-224-9049,96 Coolidge Court
729,Dierdre,Goodburn,dgoodburnk8@independent.co.uk,427-780-5577,8 Lien Street
730,Harlen,Pitchers,hpitchersk9@blog.com,284-958-7082,6 Portage Junction
731,Giacobo,Backs,gbackska@tmall.com,193-550-3836,10 Eggendart Point
732,Costanza,Dabel,cdabelkb@liveinternet.ru,702-377-4150,53501 Veith Place
733,Shepperd,Nigh,snighkc@dailymotion.com,296-234-6888,4 Esch Avenue
734,Sibby,Arminger,sarmingerkd@topsy.com,760-422-0401,98 Holy Cross Way
735,Lotta,Greaterex,lgreaterexke@usnews.com,680-209-6789,1905 Larry Trail
736,Grove,Burtonshaw,gburtonshawkf@admin.ch,463-553-2200,80356 Blue Bill Park Circle
737,Etheline,Augar,eaugarkg@vistaprint.com,411-637-8308,37229 Del Sol Circle
738,Igor,Westhead,iwestheadkh@aol.com,335-195-3872,9 Scofield Park
739,Pearle,Poutress,ppoutresski@economist.com,401-485-6788,6125 Southridge Parkway
740,Jordon,Gieves,jgieveskj@alexa.com,436-610-1300,6964 Luster Center
741,Lionello,Gething,lgethingkk@wiley.com,116-510-1037,50 Mariners Cove Hill
742,Ambrosi,Marcussen,amarcussenkl@google.co.jp,232-893-2913,83 Roxbury Terrace
743,Celinka,Tunaclift,ctunacliftkm@auda.org.au,504-331-6859,97 Petterle Avenue
744,Karine,Bresson,kbressonkn@smh.com.au,726-779-0458,6368 Spaight Road
745,Phoebe,Sallarie,psallarieko@exblog.jp,801-144-1758,727 Pepper Wood Center
746,Thorsten,Bowskill,tbowskillkp@time.com,317-827-0907,8989 Memorial Hill
747,Raina,Duddin,rduddinkq@hp.com,860-533-0576,91076 Dexter Pass
748,Tansy,Wittke,twittkekr@desdev.cn,830-690-1867,2271 Old Gate Court
749,Kort,Scamadin,kscamadinks@wikipedia.org,610-917-8904,7960 Vermont Avenue
750,Torry,Rivaland,trivalandkt@ucla.edu,674-107-1242,61335 Village Court
751,Adel,Fonte,afonteku@ucla.edu,233-872-7222,4269 Bobwhite Street
752,Rene,Patzelt,rpatzeltkv@theglobeandmail.com,166-384-7328,56 Sundown Park
753,Aleda,Crosthwaite,acrosthwaitekw@house.gov,777-671-9239,69491 High Crossing Lane
754,Nerty,Crufts,ncruftskx@tinyurl.com,299-881-9359,59 Manufacturers Way
755,Carce,Dawidowitsch,cdawidowitschky@boston.com,169-597-7740,0 Holmberg Junction
756,Mariann,Haslehurst,mhaslehurstkz@live.com,923-399-6216,13 Bluejay Crossing
757,Clemente,Gingell,cgingelll0@webmd.com,918-933-7659,10 Lakewood Gardens Road
758,Gwendolyn,Saleway,gsalewayl1@washington.edu,588-685-8794,23975 Wayridge Drive
759,Valerye,Scoon,vscoonl2@marriott.com,466-677-4106,1 Melvin Plaza
760,Sigfried,Eayrs,seayrsl3@msn.com,544-791-1133,577 Nelson Court
761,Lucas,Pendleberry,lpendleberryl4@discovery.com,438-458-1913,8458 Bluestem Trail
762,Dynah,Pocknoll,dpocknolll5@github.com,144-375-4837,05624 Talisman Lane
763,Honey,Wesker,hweskerl6@umich.edu,970-224-4637,12 Northland Plaza
764,Margarette,Heindle,mheindlel7@ocn.ne.jp,313-168-1935,0 Oakridge Way
765,Ivy,Capponer,icapponerl8@freewebs.com,339-663-4893,88 Fordem Crossing
766,Faustine,Petters,fpettersl9@so-net.ne.jp,411-858-8965,29 Mockingbird Alley
767,Colette,O'Griffin,cogriffinla@craigslist.org,200-186-5340,161 Blackbird Hill
768,Tiffany,Dillamore,tdillamorelb@mozilla.com,540-341-8120,48 Michigan Parkway
769,Gregorio,Nowick,gnowicklc@sfgate.com,876-615-1114,1 Schmedeman Plaza
770,Colet,Dominik,cdominikld@cmu.edu,786-723-7472,0729 Nobel Drive
771,Livvie,Ormston,lormstonle@mail.ru,234-919-2088,45 Toban Terrace
772,Myrvyn,Want,mwantlf@prlog.org,180-961-6392,299 Northfield Place
773,Roda,Podbury,rpodburylg@webs.com,830-821-4361,101 Atwood Parkway
774,Charmian,Saull,csaulllh@chicagotribune.com,671-878-2097,8837 Parkside Hill
775,Susie,Killner,skillnerli@mapy.cz,901-473-0712,6 Lakewood Gardens Pass
776,Arin,Fitzer,afitzerlj@thetimes.co.uk,144-729-7900,6102 Troy Way
777,Franni,Fussey,ffusseylk@barnesandnoble.com,883-508-3531,481 Dawn Street
778,Edee,Dowbiggin,edowbigginll@yolasite.com,225-471-6564,96 Burning Wood Alley
779,Tallia,Dunkley,tdunkleylm@wsj.com,886-299-6799,071 Michigan Road
780,Maryanna,Ianniello,miannielloln@dell.com,510-270-5598,8063 Tennessee Terrace
781,Wenona,McGeady,wmcgeadylo@booking.com,427-757-0339,153 Forest Dale Terrace
782,Torrin,Biford,tbifordlp@squarespace.com,742-845-6053,4 Clemons Street
783,Audi,Schulz,aschulzlq@usa.gov,897-190-0593,54826 Morningstar Lane
784,Faina,Huckin,fhuckinlr@people.com.cn,250-102-1523,00 Fairfield Trail
785,Brandy,Elfes,belfesls@arizona.edu,288-753-9486,00477 Del Sol Crossing
786,Tessy,Di Dello,tdidellolt@wikia.com,832-862-1642,98 Anderson Avenue
787,Shirl,Fanti,sfantilu@behance.net,760-397-0078,9553 Scofield Place
788,Worthy,De Lacey,wdelaceylv@patch.com,539-919-7279,72 Declaration Junction
789,Gates,Fills,gfillslw@rambler.ru,534-435-0570,3194 Jenifer Trail
790,Harwilll,Mizen,hmizenlx@aboutads.info,282-491-4920,40 Buena Vista Plaza
791,Lynea,Cartan,lcartanly@purevolume.com,781-250-3865,88515 Karstens Lane
792,Kerrin,Aikett,kaikettlz@soundcloud.com,227-101-1602,70 Spohn Center
793,Ron,Sorbey,rsorbeym0@tinypic.com,344-159-8821,5474 Rigney Plaza
794,Octavius,Beathem,obeathemm1@examiner.com,382-691-8584,71 Kipling Way
795,Nonnah,Ashtonhurst,nashtonhurstm2@technorati.com,897-430-8038,0493 Oxford Junction
796,Josee,Scottesmoor,jscottesmoorm3@fastcompany.com,286-571-7002,5 Schiller Pass
797,Dana,Swainger,dswaingerm4@pinterest.com,720-769-8987,4684 Eagle Crest Crossing
798,Thomasa,Yurenin,tyureninm5@phoca.cz,300-984-6583,7479 Debra Hill
799,Melva,Hurll,mhurllm6@wsj.com,705-258-1060,331 Jenifer Parkway
800,Lib,Tinniswood,ltinniswoodm7@washingtonpost.com,331-745-8797,62179 Northport Road
801,Lauree,Reinhard,lreinhardm8@google.co.jp,985-886-3229,31 Corscot Parkway
802,Patty,Heinemann,pheinemannm9@slate.com,322-252-4140,64846 Dwight Terrace
803,Shelagh,Peppett,speppettma@aboutads.info,495-524-4126,7 Heffernan Terrace
804,Lane,Peal,lpealmb@usda.gov,663-831-3163,5036 Sullivan Hill
805,Jenna,Sevier,jseviermc@canalblog.com,872-593-4953,8 Ramsey Parkway
806,Lindsay,Sargint,lsargintmd@hubpages.com,881-958-7085,46015 Meadow Valley Alley
807,Carmelia,Mixter,cmixterme@unesco.org,254-927-3146,5874 Warrior Court
808,Gusella,Caselli,gcasellimf@dagondesign.com,210-302-2031,0 Myrtle Drive
809,Mirella,Sowthcote,msowthcotemg@ucla.edu,288-739-4125,30 Northfield Center
810,Lyda,Hentzer,lhentzermh@techcrunch.com,333-510-5198,6 Fairfield Lane
811,Kathryn,Larrad,klarradmi@freewebs.com,268-104-4296,83 Lakewood Gardens Junction
812,Antony,McMenamie,amcmenamiemj@hubpages.com,752-625-3303,67 Schurz Hill
813,Peirce,Wordesworth,pwordesworthmk@artisteer.com,466-265-8007,843 Schiller Junction
814,Renae,Hussell,rhussellml@state.tx.us,108-485-6522,47 Comanche Terrace
815,Dill,Ackred,dackredmm@forbes.com,440-962-6020,12 Ridge Oak Avenue
816,Merci,Claiton,mclaitonmn@google.it,605-830-5169,8433 Dennis Plaza
817,Gordan,Harrill,gharrillmo@webmd.com,129-552-5392,21499 Kenwood Terrace
818,Stanleigh,Sperring,ssperringmp@etsy.com,820-457-0581,22371 Dahle Road
819,Zachery,Ginley,zginleymq@qq.com,879-661-2618,6295 Hermina Center
820,Garrard,Ricarde,gricardemr@cpanel.net,819-829-8848,53993 Hanover Place
821,Nick,Fiske,nfiskems@irs.gov,800-179-9281,3173 Jackson Terrace
822,Filbert,Dougherty,fdoughertymt@merriam-webster.com,192-760-1229,2 Algoma Way
823,Bernie,Grisewood,bgrisewoodmu@icq.com,759-485-5710,11 Arrowood Trail
824,Tomkin,Delnevo,tdelnevomv@simplemachines.org,759-258-3146,1157 Harper Hill
825,Aurelia,Boness,abonessmw@addtoany.com,757-629-4244,937 Fair Oaks Center
826,Stanislas,Larver,slarvermx@sciencedirect.com,709-909-6461,64982 4th Plaza
827,Hazel,Frany,hfranymy@ebay.com,490-528-4468,487 Ridgeview Trail
828,Courtenay,Balf,cbalfmz@jugem.jp,997-293-9628,0 Dixon Way
829,Zara,Aucoate,zaucoaten0@w3.org,484-201-3644,3 Mandrake Center
830,Viva,Whittleton,vwhittletonn1@microsoft.com,817-447-7649,38660 Harbort Alley
831,Paulette,Jerg,pjergn2@google.com.au,563-516-2655,737 Mesta Park
832,Alicea,Peers,apeersn3@japanpost.jp,793-217-6076,96141 Michigan Center
833,Tomasine,Capelow,tcapelown4@gravatar.com,276-695-4034,45 Sundown Parkway
834,Ilaire,McCallister,imccallistern5@weather.com,660-566-9316,54543 Vermont Plaza
835,Nathanil,Vasentsov,nvasentsovn6@drupal.org,973-218-1103,80599 Cherokee Alley
836,Shaine,Brellin,sbrellinn7@github.io,878-557-6911,3700 Bowman Park
837,Demetrius,Bruni,dbrunin8@seesaa.net,332-780-6490,9 Washington Center
838,Araldo,Simnell,asimnelln9@cbsnews.com,491-125-6426,7 Almo Crossing
839,Nissy,Van der Beek,nvanderbeekna@ustream.tv,762-594-4786,47 Farmco Hill
840,Claudianus,Lakin,clakinnb@google.com,216-706-2698,9 Columbus Avenue
841,Luciana,Rodrigo,lrodrigonc@google.com.br,869-424-9134,697 Sherman Terrace
842,Raye,Dilland,rdillandnd@woothemes.com,738-137-3541,27 Moose Pass
843,Jacquette,Winsborrow,jwinsborrowne@furl.net,740-331-3709,1 Reindahl Road
844,Tris,Nijs,tnijsnf@mashable.com,659-877-8929,399 Nobel Hill
845,Jolee,Ebbles,jebblesng@skyrock.com,238-286-0996,0 7th Alley
846,Tye,Cosstick,tcossticknh@feedburner.com,628-747-2213,061 Declaration Crossing
847,Griz,Willshere,gwillshereni@aol.com,440-564-5443,02 Kennedy Trail
848,Bart,Daltrey,bdaltreynj@exblog.jp,388-220-2711,5 Mccormick Park
849,Sherm,Sayers,ssayersnk@theglobeandmail.com,907-682-3032,62 Bobwhite Terrace
850,Anthea,Pionter,apionternl@bluehost.com,305-876-9758,253 Graceland Place
851,Joete,Dale,jdalenm@goo.ne.jp,953-550-5992,38 Kings Place
852,Tiffany,Abella,tabellann@jigsy.com,610-593-2042,093 Hoepker Trail
853,Gabrielle,Humberstone,ghumberstoneno@nifty.com,952-903-8936,88 Hooker Alley
854,Sanders,McFfaden,smcffadennp@slashdot.org,203-645-7406,74 Summerview Avenue
855,Constantin,Kochs,ckochsnq@alibaba.com,506-701-9581,81 Derek Street
856,Xylina,Harry,xharrynr@seesaa.net,237-296-5182,0 Comanche Avenue
857,Lucas,McDonagh,lmcdonaghns@nba.com,469-748-9363,6876 Di Loreto Lane
858,Elayne,Tapp,etappnt@prnewswire.com,254-519-4617,65 Shoshone Hill
859,Hally,Nowakowska,hnowakowskanu@topsy.com,178-327-7663,5 Mendota Park
860,Shelby,La Croce,slacrocenv@vkontakte.ru,421-421-8428,8283 Magdeline Terrace
861,Gerald,Cockram,gcockramnw@springer.com,619-705-9511,1722 Hollow Ridge Park
862,Dania,Heball,dheballnx@list-manage.com,628-318-7676,5 Forest Circle
863,Anni,Mallam,amallamny@furl.net,213-873-5624,5800 Village Green Junction
864,Lockwood,Pottes,lpottesnz@webs.com,696-604-7740,1652 Canary Pass
865,Rubina,Sewill,rsewillo0@hugedomains.com,553-151-5421,88253 Sunfield Avenue
866,Pate,Starie,pstarieo1@vimeo.com,919-695-8705,75 Oxford Terrace
867,Tarrance,Rasell,trasello2@sina.com.cn,391-494-4561,6 6th Place
868,Nap,Jaycock,njaycocko3@japanpost.jp,701-353-7709,0 Division Point
869,Dulcie,LeEstut,dleestuto4@loc.gov,383-459-2554,60906 Cody Crossing
870,Frazer,Vaan,fvaano5@deviantart.com,613-731-0424,643 Anniversary Junction
871,Jillie,Brydie,jbrydieo6@wunderground.com,411-223-2825,952 Northport Drive
872,Tymon,Romei,tromeio7@engadget.com,392-772-4700,565 Trailsway Junction
873,Bria,Meates,bmeateso8@statcounter.com,723-749-2026,49 Elgar Place
874,Dorie,Rosenbaum,drosenbaumo9@ocn.ne.jp,641-643-8111,6029 American Crossing
875,Broddy,Mangham,bmanghamoa@sphinn.com,891-225-9630,4408 Russell Plaza
876,Frederico,Di Lucia,fdiluciaob@cafepress.com,774-258-3711,2 Mifflin Trail
877,Benjamin,Youngman,byoungmanoc@mashable.com,300-218-6109,74 Fremont Hill
878,Vincent,Fearne,vfearneod@msn.com,640-453-6269,3070 Jana Hill
879,Herminia,Quenby,hquenbyoe@goo.ne.jp,421-420-6359,19 Arizona Lane
880,Orel,Ilsley,oilsleyof@nationalgeographic.com,862-803-5510,3532 Londonderry Trail
881,Adi,Morfett,amorfettog@nytimes.com,847-525-3726,1404 Anniversary Circle
882,Cassy,Winchester,cwinchesteroh@un.org,178-789-2174,2 Duke Avenue
883,Vale,Clemanceau,vclemanceauoi@typepad.com,586-939-5690,3387 Spenser Hill
884,Carmina,Waadenburg,cwaadenburgoj@wikia.com,537-297-0116,928 Bunker Hill Court
885,Ezri,Gregory,egregoryok@bravesites.com,647-563-9767,9870 Village Green Alley
886,Arty,Peagrim,apeagrimol@fotki.com,957-751-8156,5689 Ronald Regan Crossing
887,Andonis,Digg,adiggom@umich.edu,418-854-3723,8 Kenwood Crossing
888,Clara,Rollinson,crollinsonon@netvibes.com,970-134-6175,14318 Ridgeway Terrace
889,Thomasine,De Antoni,tdeantonioo@themeforest.net,896-310-4804,3 4th Way
890,Hamlin,Piper,hpiperop@arstechnica.com,262-457-3572,573 Loomis Park
891,Kendricks,Clouter,kclouteroq@merriam-webster.com,270-393-8834,2229 Brentwood Terrace
892,Towney,Smallsman,tsmallsmanor@census.gov,164-499-0080,7053 Judy Junction
893,Sophie,Petrovsky,spetrovskyos@dagondesign.com,820-326-8232,51 Arkansas Court
894,Deb,Giurio,dgiurioot@wikia.com,850-638-7515,50 Quincy Point
895,Con,Strood,cstroodou@go.com,918-566-0080,34267 Farmco Point
896,Lemuel,Churly,lchurlyov@google.co.jp,271-482-7960,8933 Eggendart Court
897,Raul,Joul,rjoulow@redcross.org,249-229-0635,0 Delaware Park
898,Kurt,Spilling,kspillingox@upenn.edu,433-557-6645,0755 Duke Pass
899,Jaquith,Espina,jespinaoy@va.gov,632-742-8119,19575 Golf View Park
900,Reine,Tinniswood,rtinniswoodoz@stanford.edu,821-995-7178,47078 Bobwhite Crossing
901,Dalia,Gritton,dgrittonp0@umn.edu,487-297-2387,8 Sheridan Crossing
902,Angus,Karle,akarlep1@addtoany.com,415-699-2015,16 Bellgrove Alley
903,Jewell,Barson,jbarsonp2@princeton.edu,721-976-8974,24420 Brentwood Place
904,Caesar,Van Giffen,cvangiffenp3@list-manage.com,400-284-5021,82 Sundown Alley
905,Kaine,McTrusty,kmctrustyp4@tiny.cc,339-492-5107,22487 Montana Point
906,Alameda,Gaul,agaulp5@apple.com,626-361-9182,05 Oriole Road
907,Julita,Ksandra,jksandrap6@deviantart.com,746-740-0100,17663 Artisan Pass
908,Emilio,Jendrusch,ejendruschp7@blogtalkradio.com,823-715-7675,94 Dexter Point
909,Noelyn,MacGowan,nmacgowanp8@wiley.com,963-592-1831,51855 Leroy Place
910,Erick,Pridie,epridiep9@phpbb.com,984-263-9337,3 Lawn Trail
911,Archer,Chatburn,achatburnpa@microsoft.com,691-919-7831,71 Green Drive
912,Xenos,Joul,xjoulpb@pen.io,195-159-5920,46 Katie Drive
913,Nickie,Heinle,nheinlepc@theatlantic.com,986-488-2966,05 High Crossing Plaza
914,Matias,McCaw,mmccawpd@dedecms.com,401-306-6170,49 International Junction
915,Mary,Clausson,mclaussonpe@nbcnews.com,874-905-5593,2179 Hintze Circle
916,Inigo,Tattoo,itattoopf@cornell.edu,479-172-2511,30731 Burning Wood Pass
917,Teodorico,Du Pre,tduprepg@slate.com,987-397-4936,24749 Donald Road
918,Dorthea,Vanyashin,dvanyashinph@topsy.com,406-397-1484,9624 La Follette Road
919,Lenka,Golightly,lgolightlypi@psu.edu,112-512-6533,67957 Milwaukee Avenue
920,Tye,Championnet,tchampionnetpj@noaa.gov,559-775-3197,53978 Spohn Alley
921,Aldric,Forbear,aforbearpk@booking.com,736-709-4412,6200 Redwing Way
922,Dru,Coddrington,dcoddringtonpl@joomla.org,367-606-2612,3 Shoshone Pass
923,Paolo,Strond,pstrondpm@hubpages.com,563-309-6266,8 Bobwhite Alley
924,Rochell,McPhelimey,rmcphelimeypn@paginegialle.it,776-194-9790,7200 Maywood Junction
925,Elisabetta,Cansdill,ecansdillpo@senate.gov,536-308-5546,92919 Cody Road
926,Tanney,Saunder,tsaunderpp@odnoklassniki.ru,435-697-8971,2074 Sheridan Point
927,Franni,Romanin,fromaninpq@smugmug.com,264-343-2765,1030 Veith Road
928,Stephannie,Stern,ssternpr@wikispaces.com,189-317-2071,40317 Orin Pass
929,Gene,Jaggs,gjaggsps@walmart.com,314-615-5079,6 Fulton Place
930,Jocko,Langtry,jlangtrypt@freewebs.com,330-944-4657,4 Moulton Road
931,Yulma,O'Loghlen,yologhlenpu@intel.com,537-709-8026,1722 Morrow Avenue
932,Lila,Meachan,lmeachanpv@stumbleupon.com,560-460-5136,17 Jenna Park
933,Clara,Di Napoli,cdinapolipw@shutterfly.com,822-136-2291,9023 Farwell Parkway
934,Morganica,Callander,mcallanderpx@live.com,471-653-1997,3830 Caliangt Court
935,Shelly,Tixier,stixierpy@intel.com,350-276-4660,22963 Briar Crest Parkway
936,Eddy,Quinney,equinneypz@narod.ru,799-609-1461,75355 Corry Point
937,Orson,Gudyer,ogudyerq0@github.com,939-175-2444,103 Graceland Avenue
938,Dre,Gregory,dgregoryq1@webs.com,799-950-7673,719 Sage Court
939,Brunhilda,Headingham,bheadinghamq2@economist.com,203-781-4642,8 Mayer Avenue
940,Bernadine,Bernocchi,bbernocchiq3@biblegateway.com,772-226-1413,6 Redwing Plaza
941,Andie,Simonetto,asimonettoq4@parallels.com,560-146-3049,55549 Village Green Street
942,Charlotta,Horrigan,chorriganq5@nature.com,971-610-5872,2 Fisk Avenue
943,Heinrik,Sandry,hsandryq6@spotify.com,648-226-8925,59 Hovde Junction
944,Thaddus,Laver,tlaverq7@slideshare.net,959-423-4540,53693 Nova Avenue
945,Adrien,Ferson,afersonq8@zimbio.com,876-302-3436,3950 Vahlen Junction
946,Enrico,MacInherney,emacinherneyq9@zdnet.com,215-134-9939,7167 Maryland Way
947,Dorian,Reyson,dreysonqa@weather.com,536-396-3146,3263 Barnett Parkway
948,Phip,Colnett,pcolnettqb@columbia.edu,591-437-8152,7178 Dwight Place
949,Myriam,Coldrick,mcoldrickqc@prlog.org,425-912-3740,42 Melrose Alley
950,Rhoda,Rottcher,rrottcherqd@amazonaws.com,574-376-1899,20 Norway Maple Junction
951,Kassia,Janoch,kjanochqe@godaddy.com,516-209-4718,28 Hansons Road
952,Gaven,Clem,gclemqf@nbcnews.com,686-429-9614,2 Glacier Hill Junction
953,Thurston,Pahl,tpahlqg@un.org,808-185-9386,6861 Mockingbird Junction
954,Roscoe,Robinet,rrobinetqh@mtv.com,653-218-4045,7706 Forest Crossing
955,Branden,Croce,bcroceqi@imageshack.us,500-491-4761,81504 Eagan Drive
956,Lindon,Tuplin,ltuplinqj@yahoo.com,710-165-2976,5972 Bashford Parkway
957,Phaedra,Ghiroldi,pghiroldiqk@intel.com,887-433-5300,6415 Almo Pass
958,Dominick,Dunsire,ddunsireql@google.com.hk,175-282-0712,1 Kennedy Street
959,Seumas,Quare,squareqm@webs.com,242-794-9938,83 Cottonwood Pass
960,Alphard,Scoggan,ascogganqn@indiegogo.com,292-984-7484,4806 Dawn Alley
961,Derk,Tohill,dtohillqo@spiegel.de,479-213-7977,32622 Carpenter Center
962,Gabbi,Bowick,gbowickqp@chron.com,580-943-8891,5 Oneill Lane
963,Almeta,Tramel,atramelqq@photobucket.com,197-977-6292,2889 Debs Point
964,Cal,Jowling,cjowlingqr@dailymotion.com,295-916-9407,70829 Brown Parkway
965,Marjory,Faireclough,mfairecloughqs@tripadvisor.com,896-423-4598,1 Petterle Terrace
966,Westbrook,Rupke,wrupkeqt@bbb.org,466-976-1909,309 Sachtjen Way
967,Sky,Withey,switheyqu@etsy.com,723-264-7501,834 Rockefeller Park
968,Myrwyn,Ackenhead,mackenheadqv@de.vu,701-253-4779,632 Graedel Park
969,Iolanthe,Nisen,inisenqw@aboutads.info,787-603-8589,6786 Nancy Alley
970,Redford,Dullingham,rdullinghamqx@upenn.edu,676-689-9959,5 Lyons Plaza
971,Rudolph,Regitz,rregitzqy@technorati.com,498-379-6587,48244 Stone Corner Place
972,Gallard,Klimecki,gklimeckiqz@canalblog.com,441-551-6091,62665 Delaware Alley
973,Ilise,Savin,isavinr0@theguardian.com,181-147-5688,5 Forest Dale Center
974,Adriane,Tolussi,atolussir1@alexa.com,321-882-5006,98872 Dovetail Lane
975,Charisse,Stonhewer,cstonhewerr2@yelp.com,227-169-1226,36234 Summer Ridge Road
976,Barnabe,Aulds,bauldsr3@bbc.co.uk,960-685-0734,154 Warbler Trail
977,Trstram,Rayne,trayner4@salon.com,487-681-0922,5073 Jackson Trail
978,Geri,Towe,gtower5@google.com.hk,110-986-4425,6 Sutherland Avenue
979,Ivy,Styant,istyantr6@flavors.me,840-735-3462,04396 Meadow Valley Terrace
980,Karrah,Stoakley,kstoakleyr7@mashable.com,934-363-9646,84345 4th Park
981,Franciskus,Byfford,fbyffordr8@uiuc.edu,646-597-6898,99706 Elmside Circle
982,Andrej,Deamer,adeamerr9@examiner.com,822-833-4323,7339 Kinsman Junction
983,Shina,Sidwick,ssidwickra@webs.com,516-988-1140,9349 Sachs Avenue
984,Ab,Warrack,awarrackrb@sina.com.cn,166-192-2438,3 Bunting Street
985,Beulah,Beldam,bbeldamrc@npr.org,308-806-4397,045 Oneill Drive
986,Daniela,Curless,dcurlessrd@alexa.com,262-775-0099,8 Boyd Center
987,Berton,Beushaw,bbeushawre@vk.com,752-680-9283,4268 Ruskin Alley
988,Bearnard,Grabham,bgrabhamrf@chicagotribune.com,804-698-3498,85 Florence Alley
989,Willyt,Stappard,wstappardrg@amazon.com,105-342-6884,8984 Harbort Park
990,Lilian,Nolot,lnolotrh@va.gov,923-516-6828,4 Clove Place
991,Tania,Bowyer,tbowyerri@economist.com,869-128-7291,8 Kings Point
992,Lamont,Pitfield,lpitfieldrj@google.co.uk,551-687-7839,90932 Mesta Avenue
993,Melosa,Andree,mandreerk@is.gd,568-152-1330,0827 Roth Alley
994,Constantina,Kleinplac,ckleinplacrl@auda.org.au,273-328-1070,7812 Glacier Hill Road
995,Cherye,Johannes,cjohannesrm@jugem.jp,873-311-4813,94274 Vernon Crossing
996,Kyrstin,Gentiry,kgentiryrn@umn.edu,248-261-2167,7769 Gale Alley
997,Filmore,Babington,fbabingtonro@europa.eu,312-924-4085,92653 Elgar Hill
998,Miller,Burnett,mburnettrp@drupal.org,747-372-8132,38 Blaine Circle
999,Tracee,Odam,todamrq@edublogs.org,888-124-2058,19188 Lake View Lane
1000,Brandie,Dyhouse,bdyhouserr@youtu.be,609-956-7618,189 Daystar Way
1001,Harley,Menesty,harley123@smi.le,187-903-273,7 Jacque Street